Nb_var,var_1,var_2,var_3,focus,flesh_int,skin_int,leaf_int,vime_int,back_leaf_int,Start,var_type_gov,var_type,Maturity,GPS.Latitude,GPS.Longitude,GPS.Altitude,GPS.Accuracy,skin_enu,flesh_enu,leaf_enu,vime_enu,back_leaf_enu,Pic_leaf,Sex,start,end,deviceid,ID,ID_plate,ID_lab_2,ID_lab,BinID,var_type_DNA,DNA_IV_match,PhenID_DNA,skin_DNA,flesh_DNA,leaf_DNA,leaf_DNA_b,vime_DNA,back_leaf_DNA,Maturity_DNA
one,,,,Fino,orange,white,hearthshapedtr,purple,purple,4,improved,traditional,5,NA,NA,1812.026928,4,white,orange,type_1__hearth,purple,purple,XXXXXXXX,1,Wed Jan 28 06:25:58 UTC 2015,Wed Jan 28 06:32:47 UTC 2015,6C:B7:F4:79:79:EF,7gt1,3,E5,245,2,improved,Awassa-83,WR1GG,redpink,white,type_1__hearth,1,green,green,5-6 months
one,,,,Fino,orange,white,with_5_nodes,green,purple,3,traditionnal,improved,3,NA,NA,1932.031581,4,white,orange,type_3__handsh,purple,purple,XXXXXXXX,1,Mon Jan 26 07:44:06 UTC 2015,Mon Jan 26 07:48:54 UTC 2015,6C:B7:F4:79:79:D9,5kb3,2,G9,177,2,improved,Awassa-83,WR1GG,redpink,white,type_1__hearth,1,green,green,5-6 months
one,,,,Gadisa,orange,white,hearthshapedtr,green,green,7,improved,traditional,6,NA,NA,1892.137803,4,redpink,white,type_2__with_3,green,green,XXXXXXXX,1,Thu Jan 22 06:25:24 UTC 2015,Thu Jan 22 06:39:27 UTC 2015,6C:B7:F4:79:79:EF,1GT1,1,B11,23,2,improved,Awassa-83,WR1GG,redpink,white,type_1__hearth,1,green,green,5-6 months
one,,,,Gadisa,white,redpink,type_1__hearth,green,green,4,traditionnal,improved,4,NA,NA,1901.334553,4,white,orange,type_1__hearth,green,green,XXXXXXXX,1,Thu Jan 22 08:32:20 UTC 2015,Thu Jan 22 08:39:14 UTC 2015,6C:B7:F4:79:79:D9,1KB6,1,D2,38,2,improved,Awassa-83,WR1GG,redpink,white,type_1__hearth,1,green,green,5-6 months
one,,,,Gadisa,white,redpink,type_2__with_3,green,green,1,improved,improved,6,NA,NA,1911.273199,8,redpink,white,type_2__with_3,green,green,XXXXXXXX,1,Wed Jan 21 11:33:06 UTC 2015,Wed Jan 21 11:51:49 UTC 2015,6C:B7:F4:79:7A:25,0AT1,1,A1,1,2,improved,Awassa-83,WR1GG,redpink,white,type_1__hearth,1,green,green,5-6 months
one,,,,Gadisa,white,redpink,type_1__hearth,green,purple,6,traditionnal,improved,5,NA,NA,1921.88873,4,redpink,white,type_1__hearth,green,green,XXXXXXXX,1,Wed Jan 21 09:32:50 UTC 2015,Wed Jan 21 12:15:13 UTC 2015,6C:B7:F4:79:79:EF,0GT1,1,A3,3,2,improved,Awassa-83,WR1GG,redpink,white,type_1__hearth,1,green,green,5-6 months
one,,,,Gadisa,white,redpink,type_1__hearth,green,green,3,traditionnal,improved,6,NA,NA,1886.603622,4,redpink,white,type_2__with_3,green,green,XXXXXXXX,1,Thu Jan 22 07:17:25 UTC 2015,Thu Jan 22 07:21:37 UTC 2015,6C:B7:F4:79:7A:25,1AT5,1,A9,9,2,improved,Awassa-83,WR1GG,redpink,white,type_1__hearth,1,green,green,5-6 months
one,,,,Gadisa,white,redpink,type_1__hearth,green,purple,1,improved,improved,5,NA,NA,1900.309281,4,redpink,white,type_2__with_3,green,green,XXXXXXXX,1,Thu Jan 22 07:28:43 UTC 2015,Thu Jan 22 07:36:00 UTC 2015,6C:B7:F4:79:7A:25,1AT6,1,A10,10,2,improved,Awassa-83,WR1GG,redpink,white,type_1__hearth,1,green,green,5-6 months
one,,,,Gadisa,white,redpink,type_1__hearth,green,green,1,improved,improved,6,NA,NA,1879.972769,6,redpink,white,type_1__hearth,green,green,XXXXXXXX,1,Thu Jan 22 07:41:31 UTC 2015,Thu Jan 22 07:47:07 UTC 2015,6C:B7:F4:79:7A:25,1AT7,1,A11,11,2,improved,Awassa-83,WR1GG,redpink,white,type_1__hearth,1,green,green,5-6 months
one,,,,Gadisa,white,redpink,type_1__hearth,green,purple,8,improved,improved,5,NA,NA,1891.069173,4,redpink,white,type_1__hearth,green,green,XXXXXXXX,1,Thu Jan 22 07:59:10 UTC 2015,Thu Jan 22 08:04:26 UTC 2015,6C:B7:F4:79:7A:25,1AT8,1,A12,12,2,improved,Awassa-83,WR1GG,redpink,white,type_1__hearth,1,green,green,5-6 months
one,,,,Gadisa,white,redpink,type_1__hearth,green,purple,24,traditionnal,improved,5,NA,NA,1907.305925,4,redpink,white,type_1__hearth,green,green,XXXXXXXX,1,Thu Jan 22 06:26:13 UTC 2015,Thu Jan 22 09:56:55 UTC 2015,6C:B7:F4:79:79:DD,1EZ1,1,B1,13,2,improved,Awassa-83,WR1GG,redpink,white,type_1__hearth,1,green,green,5-6 months
one,,,,Gadisa,white,redpink,type_1__hearth,green,green,6,traditionnal,improved,5,NA,NA,1911.37877,4,redpink,white,type_1__hearth,green,green,XXXXXXXX,1,Thu Jan 22 07:20:20 UTC 2015,Thu Jan 22 09:54:33 UTC 2015,6C:B7:F4:79:79:DD,1EZ4,1,B5,17,2,improved,Awassa-83,WR1GG,redpink,white,type_1__hearth,1,green,green,5-6 months
one,,,,Gadisa,white,redpink,type_1__hearth,green,purple,10,traditionnal,improved,6,NA,NA,1905.259253,4,redpink,white,type_2__with_3,green,green,XXXXXXXX,1,Thu Jan 22 08:50:09 UTC 2015,Thu Jan 22 09:05:16 UTC 2015,6C:B7:F4:79:79:DD,1EZ7,1,B8,20,2,improved,Awassa-83,WR1GG,redpink,white,type_1__hearth,1,green,green,5-6 months
one,,,,Gadisa,white,redpink,type_2__with_3,green,purple,2,traditionnal,improved,5,NA,NA,1885.096939,4,redpink,white,type_1__hearth,green,green,XXXXXXXX,1,Thu Jan 22 07:08:24 UTC 2015,Thu Jan 22 07:18:38 UTC 2015,6C:B7:F4:79:79:EF,1GT3,1,C1,25,2,improved,Awassa-83,WR1GG,redpink,white,type_1__hearth,1,green,green,5-6 months
one,,,,Gadisa,white,redpink,type_1__hearth,green,purple,4,traditionnal,improved,6,NA,NA,1888.127221,4,redpink,white,type_1__hearth,green,green,XXXXXXXX,1,Thu Jan 22 07:21:01 UTC 2015,Thu Jan 22 07:31:43 UTC 2015,6C:B7:F4:79:79:EF,1GT4,1,C2,26,2,improved,Awassa-83,WR1GG,redpink,white,type_1__hearth,1,green,green,5-6 months
one,,,,Gadisa,white,redpink,type_1__hearth,green,green,3,traditionnal,improved,5,NA,NA,1885.07484,4,redpink,white,type_1__hearth,green,green,XXXXXXXX,1,Thu Jan 22 08:14:04 UTC 2015,Thu Jan 22 08:19:47 UTC 2015,6C:B7:F4:79:79:EF,1GT7,1,C5,29,2,improved,Awassa-83,WR1GG,redpink,white,type_1__hearth,1,green,green,5-6 months
one,,,,Gadisa,white,redpink,type_1__hearth,green,green,4,traditionnal,improved,5,NA,NA,1913.06771,4,redpink,white,type_1__hearth,green,green,XXXXXXXX,1,Thu Jan 22 09:05:46 UTC 2015,Thu Jan 22 09:13:51 UTC 2015,6C:B7:F4:79:79:EF,1GT8,1,C6,30,2,improved,Awassa-83,WR1GG,redpink,white,type_1__hearth,1,green,green,5-6 months
two,Gadesa,Kulfo,,Gadisa,white,redpink,type_1__hearth,green,green,6,traditionnal,improved,5,NA,NA,1913.644395,4,redpink,white,type_1__hearth,green,green,XXXXXXXX,1,Thu Jan 22 07:13:24 UTC 2015,Thu Jan 22 07:22:19 UTC 2015,6C:B7:F4:79:79:D9,1KB3,1,C11,35,2,improved,Awassa-83,WR1GG,redpink,white,type_1__hearth,1,green,green,5-6 months
one,,,,Gadisa,white,redpink,type_1__hearth,purple,green,6,traditionnal,improved,6,NA,NA,1915.587554,4,redpink,white,type_1__hearth,green,green,XXXXXXXX,1,Thu Jan 22 07:23:51 UTC 2015,Thu Jan 22 07:33:19 UTC 2015,6C:B7:F4:79:79:D9,1KB4,1,C12,36,2,improved,Awassa-83,WR1GG,redpink,white,type_1__hearth,1,green,green,5-6 months
one,,,,Gadisa,white,redpink,type_1__hearth,green,purple,3,traditionnal,improved,6,NA,NA,1905.025997,4,redpink,white,type_1__hearth,green,green,XXXXXXXX,1,Thu Jan 22 08:18:43 UTC 2015,Thu Jan 22 08:26:30 UTC 2015,6C:B7:F4:79:79:D9,1KB5,1,D1,37,2,improved,Awassa-83,WR1GG,redpink,white,type_1__hearth,1,green,green,5-6 months
two,Gadesa,Peno,,Gadisa,white,redpink,type_2__with_3,purple,purple,1,traditionnal,improved,5,NA,NA,1917.476567,4,redpink,white,type_5__hearth,green,green,XXXXXXXX,0,Thu Jan 22 08:59:11 UTC 2015,Thu Jan 22 09:08:49 UTC 2015,6C:B7:F4:79:79:D9,1KB8,1,D4,40,2,improved,Awassa-83,WR1GG,redpink,white,type_1__hearth,1,green,green,5-6 months
one,,,,Gadisa,white,redpink,type_1__hearth,green,purple,6,improved,improved,5,NA,NA,1872.584141,4,redpink,white,type_1__hearth,green,green,XXXXXXXX,0,Fri Jan 23 08:53:38 UTC 2015,Fri Jan 23 09:02:56 UTC 2015,6C:B7:F4:79:7A:25,2at7 ,1,D12,48,2,improved,Awassa-83,WR1GG,redpink,white,type_1__hearth,1,green,green,5-6 months
one,,,,Gadisa,white,redpink,type_1__hearth,green,green,3,traditionnal,improved,6,NA,NA,1865.720203,4,redpink,white,type_1__hearth,green,green,XXXXXXXX,1,Fri Jan 23 07:12:11 UTC 2015,Fri Jan 23 07:18:11 UTC 2015,6C:B7:F4:79:79:EF,2gt2,1,E11,59,2,improved,Awassa-83,WR1GG,redpink,white,type_1__hearth,1,green,green,5-6 months
one,,,,Gadisa,white,redpink,type_1__hearth,green,purple,6,improved,improved,6,NA,NA,1878.2118,4,redpink,white,type_1__hearth,green,green,XXXXXXXX,1,Fri Jan 23 07:34:48 UTC 2015,Fri Jan 23 07:43:08 UTC 2015,6C:B7:F4:79:79:D9,2kb2,1,F7,67,2,improved,Awassa-83,WR1GG,redpink,white,type_1__hearth,1,green,green,5-6 months
two,Hawsa83,Gadesa,,Gadisa,white,redpink,type_1__hearth,green,purple,6,traditionnal,improved,5,NA,NA,1856.580324,4,redpink,white,type_1__hearth,green,green,XXXXXXXX,1,Tue Jan 27 06:35:16 UTC 2015,Tue Jan 27 06:46:54 UTC 2015,6C:B7:F4:79:79:D9,6kb1,3,B10,214,2,improved,Awassa-83,WR1GG,redpink,white,type_1__hearth,1,green,green,5-6 months
one,,,,Gadisa,white,redpink,type_1__hearth,green,green,3,improved,traditional,6,NA,NA,1914.358524,4,redpink,white,type_1__hearth,green,green,XXXXXXXX,1,Thu Jan 22 06:44:56 UTC 2015,Thu Jan 22 09:52:54 UTC 2015,6C:B7:F4:79:79:DD,1EZ2,1,B3,15,2,improved,Awassa-83,WR1GG,redpink,white,type_1__hearth,1,green,green,5-6 months
one,,,,Gadisa,white,redpink,type_1__hearth,purple,purple,6,improved,traditional,5,NA,NA,1894.799786,4,redpink,white,type_1__hearth,green,purple,XXXXXXXX,0,Thu Jan 22 06:43:58 UTC 2015,Thu Jan 22 06:56:44 UTC 2015,6C:B7:F4:79:79:EF,1GT2,1,B12,24,2,improved,Awassa-83,WR1GG,redpink,white,type_1__hearth,1,green,green,5-6 months
one,,,,Gadisa,white,redpink,type_1__hearth,green,green,5,improved,traditional,6,NA,NA,1886.296719,4,redpink,white,type_1__hearth,green,green,XXXXXXXX,1,Thu Jan 22 07:57:51 UTC 2015,Thu Jan 22 08:05:18 UTC 2015,6C:B7:F4:79:79:EF,1GT6,1,C4,28,2,improved,Awassa-83,WR1GG,redpink,white,type_1__hearth,1,green,green,5-6 months
one,,,,Gadisa,white,redpink,type_1__hearth,purple,purple,10,improved,traditional,6,NA,NA,1907.638882,4,redpink,white,type_1__hearth,green,green,XXXXXXXX,0,Thu Jan 22 09:28:03 UTC 2015,Thu Jan 22 09:34:35 UTC 2015,6C:B7:F4:79:79:D9,1KB11,1,C9,33,2,improved,Awassa-83,WR1GG,redpink,white,type_1__hearth,1,green,green,5-6 months
one,,,,Gadisa,white,redpink,type_1__hearth,green,purple,4,traditionnal,traditional,6,NA,NA,1906.48444,4,redpink,white,type_5__hearth,green,green,XXXXXXXX,1,Thu Jan 22 08:42:52 UTC 2015,Thu Jan 22 08:52:18 UTC 2015,6C:B7:F4:79:79:D9,1KB7,1,D3,39,2,improved,Awassa-83,WR1GG,redpink,white,type_1__hearth,1,green,green,5-6 months
one,,,,Gadisa,white,redpink,type_1__hearth,green,green,1,improved,traditional,7,NA,NA,1876.99823,4,redpink,white,type_1__hearth,green,green,XXXXXXXX,1,Fri Jan 23 07:11:13 UTC 2015,Fri Jan 23 07:21:28 UTC 2015,6C:B7:F4:79:7A:25,2at1,1,D6,42,2,improved,Awassa-83,WR1GG,redpink,white,type_1__hearth,1,green,green,5-6 months
one,,,,Gadisa,white,redpink,type_2__with_3,green,green,1,improved,traditional,6,NA,NA,1878.577258,4,redpink,white,type_1__hearth,green,green,XXXXXXXX,0,Fri Jan 23 09:13:25 UTC 2015,Fri Jan 23 09:18:17 UTC 2015,6C:B7:F4:79:7A:25,2at8 ,1,E1,49,2,improved,Awassa-83,WR1GG,redpink,white,type_1__hearth,1,green,green,5-6 months
two,Awassa83,Gadesa,,Awassa83,white,redpink,type_1__hearth,green,green,1,improved,traditional,6,NA,NA,1872.51095,4,redpink,white,type_1__hearth,green,green,XXXXXXXX,0,Fri Jan 23 07:15:54 UTC 2015,Fri Jan 23 09:12:14 UTC 2015,6C:B7:F4:79:79:DD,2Ez2 ,1,E3,51,2,improved,Awassa-83,WR1GG,redpink,white,type_1__hearth,1,green,green,5-6 months
one,,,,Gadisa,white,redpink,type_1__hearth,green,green,4,improved,traditional,7,NA,NA,1875.310112,4,redpink,white,type_1__hearth,green,green,XXXXXXXX,1,Fri Jan 23 07:30:32 UTC 2015,Fri Jan 23 07:36:53 UTC 2015,6C:B7:F4:79:79:DD,2Ez3,1,E4,52,2,improved,Awassa-83,WR1GG,redpink,white,type_1__hearth,1,green,green,5-6 months
two,Tulo (pesisa),Gadisa,,Gadisa,white,redpink,type_1__hearth,green,green,3,improved,traditional,6,NA,NA,1871.874545,4,redpink,white,type_1__hearth,green,green,XXXXXXXX,0,Fri Jan 23 07:37:46 UTC 2015,Fri Jan 23 08:03:50 UTC 2015,6C:B7:F4:79:79:DD,2Ez4 ,1,E5,53,2,improved,Awassa-83,WR1GG,redpink,white,type_1__hearth,1,green,green,5-6 months
one,,,,Gadisa,white,redpink,type_1__hearth,green,green,2,improved,traditional,6,NA,NA,1870.862156,4,redpink,white,type_1__hearth,green,green,XXXXXXXX,1,Fri Jan 23 07:24:55 UTC 2015,Fri Jan 23 07:30:29 UTC 2015,6C:B7:F4:79:79:EF,2gt3,1,E12,60,2,improved,Awassa-83,WR1GG,redpink,white,type_1__hearth,1,green,green,5-6 months
two,Gadesa,Tulo,,Gadisa,white,white,type_4__with_5,purple,purple,6,traditionnal,improved,6,NA,NA,1911.28842,4,redpink,white,type_2__with_3,green,green,XXXXXXXX,1,Thu Jan 22 06:27:03 UTC 2015,Thu Jan 22 06:41:01 UTC 2015,6C:B7:F4:79:79:D9,1KB1,1,C7,31,2,improved,Awassa-83,WR1GG,redpink,white,type_1__hearth,1,green,green,5-6 months
one,,,,Unknown,white,white,type_1__hearth,green,green,2,improved,improved,8,NA,NA,1861.792056,4,white,white,type_1__hearth,green,green,XXXXXXXX,1,Sat Jan 24 09:27:29 UTC 2015,Sat Jan 24 09:38:46 UTC 2015,6C:B7:F4:79:7A:25,3at9,1,G10,82,2,improved,Awassa-83,WR1GG,redpink,white,type_1__hearth,1,green,green,5-6 months
one,,,,Wolayita,white,white,type_4__with_5,green,green,1,improved,improved,7,NA,NA,1870.240407,4,white,white,type_1__hearth,green,green,XXXXXXXX,1,Sat Jan 24 06:55:21 UTC 2015,Sat Jan 24 07:01:56 UTC 2015,6C:B7:F4:79:79:D9,3kb1,2,A5,101,2,improved,Awassa-83,WR1GG,redpink,white,type_1__hearth,1,green,green,5-6 months
three,Welayita,Gadesa,Fisisa,Wolayita,white,white,type_1__hearth,green,green,4,improved,improved,8,NA,NA,1867.834364,4,white,white,type_1__hearth,green,green,XXXXXXXX,1,Sat Jan 24 09:08:48 UTC 2015,Sat Jan 24 09:16:51 UTC 2015,6C:B7:F4:79:79:D9,3kb10,2,A6,102,2,improved,Awassa-83,WR1GG,redpink,white,type_1__hearth,1,green,green,5-6 months
one,,,,FAO,white,white,type_2__with_3,green,green,10,traditionnal,improved,4,NA,NA,1881.684713,4,white,white,type_2__with_3,green,green,XXXXXXXX,1,Sun Jan 25 12:37:29 UTC 2015,Sun Jan 25 12:47:02 UTC 2015,6C:B7:F4:79:7A:25,4at7,2,B9,117,2,improved,Awassa-83,WR1GG,redpink,white,type_1__hearth,1,green,green,5-6 months
one,,,,Wolayita,white,white,type_1__hearth,green,green,3,improved,traditional,6,NA,NA,1866.986694,4,white,white,type_1__hearth,green,green,XXXXXXXX,0,Sun Jan 25 11:38:49 UTC 2015,Sun Jan 25 11:44:15 UTC 2015,6C:B7:F4:79:79:EF,4gt2 ,2,C10,130,2,improved,Awassa-83,WR1GG,redpink,white,type_1__hearth,1,green,green,5-6 months
one,,,,FAO,white,white,type_2__with_3,green,green,5,improved,traditional,3,NA,NA,1876.919409,4,white,white,type_2__with_3,green,green,XXXXXXXX,1,Sun Jan 25 11:56:45 UTC 2015,Sun Jan 25 12:07:35 UTC 2015,6C:B7:F4:79:79:EF,4gt4,2,C12,132,2,improved,Awassa-83,WR1GG,redpink,white,type_1__hearth,1,green,green,5-6 months
one,,,,Unknown,white,white,type_1__hearth,green,green,2,improved,traditional,6,NA,NA,1913.454315,4,white,white,type_2__with_3,green,green,XXXXXXXX,1,Mon Jan 26 08:27:53 UTC 2015,Mon Jan 26 08:34:03 UTC 2015,6C:B7:F4:79:7A:25,5at9,2,E11,155,2,improved,Awassa-83,WR1GG,redpink,white,type_1__hearth,1,green,green,5-6 months
one,,,,Wolayita,white,white,type_1__hearth,green,green,5,improved,traditional,6,NA,NA,1906.7233,4,white,white,type_1__hearth,green,green,XXXXXXXX,1,Mon Jan 26 08:26:19 UTC 2015,Mon Jan 26 08:38:53 UTC 2015,6C:B7:F4:79:79:DD,5EZ6,2,F5,161,2,improved,Awassa-83,WR1GG,redpink,white,type_1__hearth,1,green,green,5-6 months
one,,,,Wolayita,white,white,type_1__hearth,green,green,5,improved,traditional,5,NA,NA,1833.449377,4,white,white,type_1__hearth,green,green,XXXXXXXX,1,Tue Jan 27 08:57:31 UTC 2015,Tue Jan 27 09:08:31 UTC 2015,6C:B7:F4:79:79:EF,6gt7,3,B7,211,2,improved,Awassa-83,WR1GG,redpink,white,type_1__hearth,1,green,green,5-6 months
one,,,,Wolayita,white,white,type_1__hearth,green,green,5,improved,traditional,5,NA,NA,1816.826467,4,white,white,type_1__hearth,green,green,XXXXXXXX,1,Wed Jan 28 07:14:17 UTC 2015,Wed Jan 28 07:19:13 UTC 2015,6C:B7:F4:79:79:EF,7gt4,3,E8,248,2,improved,Awassa-83,WR1GG,redpink,white,type_1__hearth,1,green,green,5-6 months
one,,,,Wolayita,white,white,type_1__hearth,green,purple,5,traditionnal,improved,4,NA,NA,1920.159983,4,white,white,type_1__hearth,green,purple,XXXXXXXX,1,Mon Jan 26 08:02:36 UTC 2015,Mon Jan 26 08:11:41 UTC 2015,6C:B7:F4:79:7A:25,5at7,2,E9,153,29,Improved,Berkuma,WW1GP,white,white,type_1__hearth,1,green,purple,6-7 months
one,,,,FAO,white,white,type_1__hearth,purple,purple,2,traditionnal,improved,5,NA,NA,1868.862844,4,white,white,type_1__hearth,purple,purple,XXXXXXXX,1,Mon Jan 26 08:44:44 UTC 2015,Mon Jan 26 08:53:50 UTC 2015,6C:B7:F4:79:79:DD,5EZ7,2,F6,162,29,Improved,Berkuma,WW1GP,white,white,type_1__hearth,1,green,purple,6-7 months
two,Welayta,Fao,,Wolayita,white,white,type_2__with_3,green,purple,6,traditionnal,improved,4,NA,NA,1880.073414,4,white,white,type_1__hearth,green,green,XXXXXXXX,1,Mon Jan 26 08:52:53 UTC 2015,Mon Jan 26 09:00:41 UTC 2015,6C:B7:F4:79:79:D9,5kb6,2,G12,180,29,Improved,Berkuma,WW1GP,white,white,type_1__hearth,1,green,purple,6-7 months
one,,,,Unknown,white,white,type_4__with_5,green,green,1,improved,improved,4,NA,NA,1840.932092,4,white,white,type_4__with_5,green,green,XXXXXXXX,1,Tue Jan 27 08:09:18 UTC 2015,Tue Jan 27 08:35:27 UTC 2015,6C:B7:F4:79:7A:25,6at7,2,H8,188,29,Improved,Berkuma,WW1GP,white,white,type_1__hearth,1,green,purple,6-7 months
one,,,,Temesgen,white,white,type_4__with_5,green,purple,3,improved,improved,5,NA,NA,1825.421907,4,white,white,type_4__with_5,green,purple,XXXXXXXX,1,Wed Jan 28 08:03:51 UTC 2015,Wed Jan 28 08:08:33 UTC 2015,6C:B7:F4:79:79:DD,7EZ7,3,E2,242,29,Improved,Berkuma,WW1GP,white,white,type_1__hearth,1,green,purple,6-7 months
one,,,,Unknown,white,white,type_1__hearth,green,green,4,improved,traditional,6,NA,NA,1874.568289,4,white,white,type_1__hearth,green,green,XXXXXXXX,0,Sun Jan 25 11:44:35 UTC 2015,Mon Jan 26 08:24:38 UTC 2015,6C:B7:F4:79:79:DD,4EZ3 ,2,C2,122,29,Improved,Berkuma,WW1GP,white,white,type_1__hearth,1,green,purple,6-7 months
one,,,,Wolayita,white,white,type_1__hearth,green,green,10,improved,traditional,5,NA,NA,1931.807784,4,white,white,type_1__hearth,green,purple,XXXXXXXX,0,Mon Jan 26 07:33:43 UTC 2015,Mon Jan 26 08:49:10 UTC 2015,6C:B7:F4:79:7A:25,5at5,2,E7,151,29,Improved,Berkuma,WW1GP,white,white,type_1__hearth,1,green,purple,6-7 months
one,,,,Wolayita,white,white,type_1__hearth,green,green,5,improved,traditional,5,NA,NA,1940.691615,4,white,white,type_1__hearth,green,purple,XXXXXXXX,1,Mon Jan 26 07:43:08 UTC 2015,Mon Jan 26 07:50:42 UTC 2015,6C:B7:F4:79:7A:25,5at6,2,E8,152,29,Improved,Berkuma,WW1GP,white,white,type_1__hearth,1,green,purple,6-7 months
one,,,,Wolayita,white,white,type_1__hearth,green,purple,3,improved,traditional,6,NA,NA,1917.063509,4,white,white,type_5__hearth,green,green,XXXXXXXX,1,Mon Jan 26 06:59:46 UTC 2015,Mon Jan 26 07:07:00 UTC 2015,6C:B7:F4:79:79:DD,5EZ2,2,F1,157,29,Improved,Berkuma,WW1GP,white,white,type_1__hearth,1,green,purple,6-7 months
one,,,,Wolayita,white,white,type_1__hearth,green,green,8,improved,traditional,6,NA,NA,1919.50115,4,white,white,type_1__hearth,green,green,XXXXXXXX,1,Mon Jan 26 07:51:24 UTC 2015,Mon Jan 26 08:00:02 UTC 2015,6C:B7:F4:79:79:DD,5EZ5,2,F4,160,29,Improved,Berkuma,WW1GP,white,white,type_1__hearth,1,green,purple,6-7 months
one,,,,Wolayita,white,white,type_1__hearth,green,green,5,improved,traditional,5,NA,NA,1831.421003,4,white,white,type_1__hearth,green,purple,XXXXXXXX,1,Tue Jan 27 07:00:56 UTC 2015,Tue Jan 27 07:18:18 UTC 2015,6C:B7:F4:79:79:DD,6EZ3,3,A6,198,29,Improved,Berkuma,WW1GP,white,white,type_1__hearth,1,green,purple,6-7 months
one,,,,Wolayita,white,white,type_1__hearth,purple,green,20,improved,traditional,4,NA,NA,1848.871165,4,white,white,type_1__hearth,green,purple,XXXXXXXX,1,Tue Jan 27 08:11:49 UTC 2015,Tue Jan 27 08:17:51 UTC 2015,6C:B7:F4:79:79:D9,6kb7,3,C8,224,29,Improved,Berkuma,WW1GP,white,white,type_1__hearth,1,green,purple,6-7 months
one,,,,Tula,orange,white,handshaped__na,purple,green,3,traditionnal,improved,5,NA,NA,1848.497551,4,white,orange,type_3__handsh,purple,purple,XXXXXXXX,1,Tue Jan 27 06:31:35 UTC 2015,Tue Jan 27 06:40:28 UTC 2015,6C:B7:F4:79:7A:25,6at1,2,H2,182,112,Improved,Kudade,WW4GG,white,white,type_4__with_5,4,green,green,3-4 months
one,,,,Mekesi (Temesgen),orange,white,with_5_nodes,green,green,6,improved,traditional,5,NA,NA,1834.498452,4,white,orange,type_4__with_5,green,green,XXXXXXXX,1,Tue Jan 27 08:29:25 UTC 2015,Tue Jan 27 09:48:20 UTC 2015,6C:B7:F4:79:79:DD,6EZ10,2,H12,192,112,Improved,Kudade,WW4GG,white,white,type_4__with_5,4,green,green,3-4 months
two,Kulfo,Gadesa,,Kulfo,orange,white,handshaped__na,green,green,6,traditionnal,improved,5,NA,NA,1903.568007,4,redpink,white,type_2__with_3,green,green,XXXXXXXX,1,Thu Jan 22 06:44:57 UTC 2015,Thu Jan 22 06:56:07 UTC 2015,6C:B7:F4:79:79:D9,1KB2,1,C10,34,112,Improved,Kudade,WW4GG,white,white,type_4__with_5,4,green,green,3-4 months
three,Welayta,Temesign,Gadesa,Temesgen,orange,white,with_5_nodes,purple,green,9,traditionnal,improved,4,NA,NA,1847.203174,4,redpink,white,type_2__with_3,green,green,XXXXXXXX,1,Wed Jan 28 06:32:19 UTC 2015,Wed Jan 28 06:39:01 UTC 2015,6C:B7:F4:79:79:D9,7kb2,3,E12,252,112,Improved,Kudade,WW4GG,white,white,type_4__with_5,4,green,green,3-4 months
two,Gadesa,Temesign,,Temesgen,orange,white,with_5_nodes,green,green,9,traditionnal,improved,4,NA,NA,1844.531056,4,redpink,white,type_4__with_5,green,green,XXXXXXXX,1,Wed Jan 28 06:44:25 UTC 2015,Wed Jan 28 06:50:23 UTC 2015,6C:B7:F4:79:79:D9,7kb3,3,F1,253,112,Improved,Kudade,WW4GG,white,white,type_4__with_5,4,green,green,3-4 months
more_than_thre,Gadesa,Welayta,Fisisa,Temesgen,orange,white,with_5_nodes,green,green,6,traditionnal,improved,4,NA,NA,1832.491833,4,redpink,white,type_4__with_5,green,green,XXXXXXXX,1,Wed Jan 28 07:05:55 UTC 2015,Wed Jan 28 07:11:38 UTC 2015,6C:B7:F4:79:79:D9,7kb4,3,F2,254,112,Improved,Kudade,WW4GG,white,white,type_4__with_5,4,green,green,3-4 months
one,,,,Mekes,white,redpink,type_6__with_5,green,green,6,traditionnal,improved,4,NA,NA,1850.965683,4,redpink,white,type_6__with_5,green,green,XXXXXXXX,1,Wed Jan 28 08:42:18 UTC 2015,Wed Jan 28 08:48:21 UTC 2015,6C:B7:F4:79:7A:25,7at8,3,D6,234,112,Improved,Kudade,WW4GG,white,white,type_4__with_5,4,green,green,3-4 months
two,Temesigen,Tula,,Temesgen,white,white,type_6__with_5,green,green,4,traditionnal,improved,3,NA,NA,1842.742536,4,white,white,type_2__with_3,green,green,XXXXXXXX,1,Tue Jan 27 09:03:23 UTC 2015,Tue Jan 27 09:08:41 UTC 2015,6C:B7:F4:79:79:D9,6kb11,3,B12,216,112,Improved,Kudade,WW4GG,white,white,type_4__with_5,4,green,green,3-4 months
one,,,,Temesgen,white,white,type_4__with_5,green,purple,3,traditionnal,improved,3,NA,NA,1838.139748,4,white,white,type_2__with_3,green,green,XXXXXXXX,1,Tue Jan 27 09:15:15 UTC 2015,Tue Jan 27 09:20:04 UTC 2015,6C:B7:F4:79:79:D9,6kb13,3,C2,218,112,Improved,Kudade,WW4GG,white,white,type_4__with_5,4,green,green,3-4 months
one,,,,Kulfo,orange,white,handshaped__na,purple,purple,1,traditionnal,improved,4,NA,NA,1921.637545,4,white,orange,type_3__handsh,purple,purple,XXXXXXXX,1,Mon Jan 26 07:42:23 UTC 2015,Mon Jan 26 09:05:13 UTC 2015,6C:B7:F4:79:79:DD,5EZ4,2,F3,159,19,Improved,Ogan-Sogan,WW1GP,white,white,type_1__hearth,1,green,purple,
one,,,,Alkeshe,orange,white,handshaped__na,purple,purple,3,traditionnal,improved,3,NA,NA,1915.84281,4,white,orange,type_3__handsh,purple,purple,XXXXXXXX,1,Mon Jan 26 08:21:15 UTC 2015,Mon Jan 26 08:26:30 UTC 2015,6C:B7:F4:79:79:EF,5gt3,2,F12,168,19,Improved,Ogan-Sogan,WW1GP,white,white,type_1__hearth,1,green,purple,
two,Gadesa,Fino,,Fino,orange,white,handshaped__na,green,purple,3,traditionnal,improved,3,NA,NA,1908.607503,4,white,orange,type_3__handsh,purple,purple,XXXXXXXX,1,Mon Jan 26 06:30:09 UTC 2015,Mon Jan 26 06:42:00 UTC 2015,6C:B7:F4:79:79:D9,5kb1,2,G7,175,19,Improved,Ogan-Sogan,WW1GP,white,white,type_1__hearth,1,green,purple,
one,,,,Fino,orange,white,hearthshapedtr,purple,purple,2,improved,traditional,6,NA,NA,1804.467736,4,white,orange,type_1__hearth,purple,purple,XXXXXXXX,1,Wed Jan 28 06:59:39 UTC 2015,Wed Jan 28 07:05:13 UTC 2015,6C:B7:F4:79:79:EF,7gt3,3,E7,247,19,Improved,Ogan-Sogan,WW1GP,white,white,type_1__hearth,1,green,purple,
one,,,,Fisisa,orange,white,hearthshapedtr,green,green,1,improved,improved,6,NA,NA,1874.469559,4,white,white,type_1__hearth,green,green,XXXXXXXX,1,Sun Jan 25 11:37:10 UTC 2015,Sun Jan 25 11:46:54 UTC 2015,6C:B7:F4:79:79:D9,4kb2,2,D7,139,19,Improved,Ogan-Sogan,WW1GP,white,white,type_1__hearth,1,green,purple,
one,,,,FAO,orange,white,hearthshapedtr,purple,purple,8,traditionnal,improved,4,NA,NA,1846.183085,4,white,white,type_1__hearth,purple,purple,XXXXXXXX,1,Tue Jan 27 08:06:29 UTC 2015,Tue Jan 27 08:11:20 UTC 2015,6C:B7:F4:79:79:D9,6kb6,3,C7,223,19,Improved,Ogan-Sogan,WW1GP,white,white,type_1__hearth,1,green,purple,
one,,,,Fino,orange,white,hearthshapedtr,green,green,6,improved,improved,4,NA,NA,1885.630263,4,white,white,type_1__hearth,green,purple,XXXXXXXX,1,Wed Jan 28 07:06:27 UTC 2015,Wed Jan 28 07:11:20 UTC 2015,6C:B7:F4:79:7A:25,7At2,3,C12,228,19,Improved,Ogan-Sogan,WW1GP,white,white,type_1__hearth,1,green,purple,
one,,,,Unknown,white,redpink,type_1__hearth,green,green,1,improved,traditional,5,NA,NA,1837.901285,4,redpink,white,type_1__hearth,green,green,XXXXXXXX,1,Tue Jan 27 07:43:57 UTC 2015,Tue Jan 27 07:54:26 UTC 2015,6C:B7:F4:79:7A:25,6at5,2,H6,186,19,Improved,Ogan-Sogan,WW1GP,white,white,type_1__hearth,1,green,purple,
one,,,,Fino,white,white,type_1__hearth,green,green,3,improved,do_not_know,5,NA,NA,1920.140023,4,white,white,type_2__with_3,green,purple,XXXXXXXX,1,Wed Jan 28 07:30:49 UTC 2015,Wed Jan 28 07:35:34 UTC 2015,6C:B7:F4:79:7A:25,7at4,3,D2,230,19,Improved,Ogan-Sogan,WW1GP,white,white,type_1__hearth,1,green,purple,
one,,,,FAO,white,white,type_1__hearth,green,purple,10,traditionnal,improved,4,NA,NA,1875.447815,4,white,white,type_1__hearth,green,purple,XXXXXXXX,1,Sun Jan 25 11:51:51 UTC 2015,Sun Jan 25 11:59:15 UTC 2015,6C:B7:F4:79:7A:25,4at4,2,B6,114,19,Improved,Ogan-Sogan,WW1GP,white,white,type_1__hearth,1,green,purple,
one,,,,Wolayita,white,white,type_1__hearth,green,green,1,improved,improved,7,NA,NA,1878.83884,4,white,white,type_5__hearth,green,green,XXXXXXXX,1,Sun Jan 25 12:55:47 UTC 2015,Sun Jan 25 13:03:36 UTC 2015,6C:B7:F4:79:79:D9,4kb6,2,D11,143,19,Improved,Ogan-Sogan,WW1GP,white,white,type_1__hearth,1,green,purple,
one,,,,Fino,white,white,type_1__hearth,green,purple,3,traditionnal,improved,3,NA,NA,1899.940435,4,white,white,type_1__hearth,green,purple,XXXXXXXX,1,Mon Jan 26 08:29:36 UTC 2015,Mon Jan 26 08:34:25 UTC 2015,6C:B7:F4:79:79:EF,5gt4,2,G1,169,19,Improved,Ogan-Sogan,WW1GP,white,white,type_1__hearth,1,green,purple,
two,Welayta,Gadesa,,Wolayita,white,white,type_1__hearth,green,green,3,traditionnal,improved,4,NA,NA,1904.643813,4,white,white,type_1__hearth,green,green,XXXXXXXX,1,Mon Jan 26 08:24:39 UTC 2015,Mon Jan 26 08:35:55 UTC 2015,6C:B7:F4:79:79:D9,5kb4,2,G10,178,19,Improved,Ogan-Sogan,WW1GP,white,white,type_1__hearth,1,green,purple,
two,Wolyita,Dk,,Wolayita,white,white,type_1__hearth,green,purple,6,traditionnal,improved,4,NA,NA,1827.494869,4,white,white,type_1__hearth,green,purple,XXXXXXXX,1,Mon Jan 26 09:10:03 UTC 2015,Tue Jan 27 06:56:09 UTC 2015,6C:B7:F4:79:79:DD,6EZ1,2,H11,191,19,Improved,Ogan-Sogan,WW1GP,white,white,type_1__hearth,1,green,purple,
two,Fino,Pisisa,,Fino,white,white,type_2__with_3,purple,purple,6,traditionnal,improved,4,NA,NA,1837.28473,4,white,white,type_2__with_3,purple,purple,XXXXXXXX,1,Tue Jan 27 07:47:26 UTC 2015,Tue Jan 27 08:00:16 UTC 2015,6C:B7:F4:79:79:DD,6EZ6,3,A9,201,19,Improved,Ogan-Sogan,WW1GP,white,white,type_1__hearth,1,green,purple,
one,,,,FAO,white,white,type_1__hearth,purple,purple,4,traditionnal,improved,3,NA,NA,1808.289117,4,white,white,type_1__hearth,purple,purple,XXXXXXXX,1,Tue Jan 27 09:46:45 UTC 2015,Tue Jan 27 09:52:46 UTC 2015,6C:B7:F4:79:79:EF,6gt9,3,B9,213,19,Improved,Ogan-Sogan,WW1GP,white,white,type_1__hearth,1,green,purple,
one,,,,FAO,white,white,type_2__with_3,green,green,6,traditionnal,improved,4,NA,NA,1840.81805,4,white,white,type_2__with_3,green,purple,XXXXXXXX,1,Wed Jan 28 08:38:27 UTC 2015,Wed Jan 28 08:42:11 UTC 2015,6C:B7:F4:79:7A:25,7at7,3,D5,233,19,Improved,Ogan-Sogan,WW1GP,white,white,type_1__hearth,1,green,purple,
two,Fino(beletu),Temesigen,,Fino(beletu),white,white,type_1__hearth,green,purple,6,traditionnal,improved,5,NA,NA,1833.19406,4,white,white,type_1__hearth,green,purple,XXXXXXXX,1,Wed Jan 28 07:51:36 UTC 2015,Wed Jan 28 07:58:03 UTC 2015,6C:B7:F4:79:79:DD,7EZ6,3,E1,241,19,Improved,Ogan-Sogan,WW1GP,white,white,type_1__hearth,1,green,purple,
one,,,,FAO,white,white,type_1__hearth,green,green,5,traditionnal,improved,5,NA,NA,1851.437907,4,white,white,type_1__hearth,purple,purple,XXXXXXXX,1,Wed Jan 28 08:45:27 UTC 2015,Wed Jan 28 08:51:36 UTC 2015,6C:B7:F4:79:79:DD,7EZ9,3,E4,244,19,Improved,Ogan-Sogan,WW1GP,white,white,type_1__hearth,1,green,purple,
three,Gadesa,Welayta,Temesign,Wolayita,white,white,type_2__with_3,green,purple,20,traditionnal,improved,5,NA,NA,1848.259778,4,white,white,type_1__hearth,purple,purple,XXXXXXXX,1,Wed Jan 28 06:25:48 UTC 2015,Wed Jan 28 06:30:56 UTC 2015,6C:B7:F4:79:79:D9,7kb1,3,E10,250,19,Improved,Ogan-Sogan,WW1GP,white,white,type_1__hearth,1,green,purple,
one,,,,FAO,white,white,type_1__hearth,purple,purple,4,traditionnal,improved,4,NA,NA,1837.243086,4,white,white,type_1__hearth,purple,purple,XXXXXXXX,1,Wed Jan 28 07:33:21 UTC 2015,Wed Jan 28 07:36:49 UTC 2015,6C:B7:F4:79:79:D9,7kb8,3,F6,258,19,Improved,Ogan-Sogan,WW1GP,white,white,type_1__hearth,1,green,purple,
two,Fao,Fino,,FAO,white,white,type_2__with_3,green,green,4,traditionnal,improved,4,NA,NA,1854.193091,4,white,white,type_1__hearth,green,purple,XXXXXXXX,1,Wed Jan 28 07:42:35 UTC 2015,Wed Jan 28 07:48:04 UTC 2015,6C:B7:F4:79:79:D9,7kb9,3,F7,259,19,Improved,Ogan-Sogan,WW1GP,white,white,type_1__hearth,1,green,purple,
one,,,,FAO,white,white,type_2__with_3,green,purple,3,improved,traditional,3,NA,NA,1876.020943,4,white,white,type_2__with_3,green,purple,XXXXXXXX,1,Sun Jan 25 12:19:17 UTC 2015,Mon Jan 26 10:29:05 UTC 2015,6C:B7:F4:79:79:EF,4gt5,2,D1,133,19,Improved,Ogan-Sogan,WW1GP,white,white,type_1__hearth,1,green,purple,
one,,,,Fino,white,white,type_1__hearth,green,purple,1,improved,traditional,4,NA,NA,1916.23835,4,white,white,type_1__hearth,green,purple,XXXXXXXX,1,Mon Jan 26 08:43:43 UTC 2015,Mon Jan 26 10:29:48 UTC 2015,6C:B7:F4:79:79:EF,5gt5,2,G2,170,19,Improved,Ogan-Sogan,WW1GP,white,white,type_1__hearth,1,green,purple,
two,Fino,Pisisa,,Fino,white,white,type_1__hearth,green,purple,4,improved,traditional,5,NA,NA,1852.451905,4,white,white,type_2__with_3,green,purple,XXXXXXXX,1,Tue Jan 27 08:59:55 UTC 2015,Tue Jan 27 09:07:51 UTC 2015,6C:B7:F4:79:79:DD,6EZ13,3,A3,195,19,Improved,Ogan-Sogan,WW1GP,white,white,type_1__hearth,1,green,purple,
one,,,,Old wolayta,white,white,type_1__hearth,purple,purple,18,improved,traditional,6,NA,NA,1850.234881,4,white,white,type_2__with_3,purple,purple,XXXXXXXX,1,Tue Jan 27 07:10:20 UTC 2015,Tue Jan 27 07:27:06 UTC 2015,6C:B7:F4:79:79:DD,6EZ4,3,A7,199,19,Improved,Ogan-Sogan,WW1GP,white,white,type_1__hearth,1,green,purple,
one,,,,Fino,white,white,type_1__hearth,green,green,1,improved,traditional,5,NA,NA,1893.594966,4,white,white,type_1__hearth,green,purple,XXXXXXXX,0,Wed Jan 28 06:55:26 UTC 2015,Wed Jan 28 06:59:30 UTC 2015,6C:B7:F4:79:7A:25,7at1,3,C11,227,19,Improved,Ogan-Sogan,WW1GP,white,white,type_1__hearth,1,green,purple,
one,,,,Beletu,white,white,type_1__hearth,green,purple,7,improved,traditional,4,NA,NA,1807.62001,4,white,white,type_1__hearth,green,purple,XXXXXXXX,1,Wed Jan 28 06:35:14 UTC 2015,Wed Jan 28 06:51:30 UTC 2015,6C:B7:F4:79:79:DD,7EZ1,3,D8,236,19,Improved,Ogan-Sogan,WW1GP,white,white,type_1__hearth,1,green,purple,
one,,,,Tula(pesisa),orange,white,handshaped__na,purple,purple,2,traditionnal,improved,7,NA,NA,1871.247669,4,redpink,orange,type_3__handsh,purple,purple,XXXXXXXX,1,Fri Jan 23 06:56:39 UTC 2015,Fri Jan 23 09:13:32 UTC 2015,6C:B7:F4:79:79:DD,2EZ1,1,E2,50,13,Improved,Tulla/Kulfo,OW3PP,white,orange,type_3__handsh,3,purple,purple,4-5 months
one,,,,Tulo(pesesa),orange,white,handshaped__na,purple,purple,5,traditionnal,improved,4,NA,NA,1870.501665,4,white,orange,type_3__handsh,purple,purple,XXXXXXXX,0,Fri Jan 23 07:46:36 UTC 2015,Fri Jan 23 08:04:08 UTC 2015,6C:B7:F4:79:79:DD,2Ez5 ,1,E6,54,13,Improved,Tulla/Kulfo,OW3PP,white,orange,type_3__handsh,3,purple,purple,4-5 months
one,,,,Tulo (pesisa),orange,white,handshaped__na,purple,purple,2,traditionnal,improved,6,NA,NA,1871.965376,4,white,orange,type_3__handsh,purple,purple,XXXXXXXX,0,Fri Jan 23 08:39:02 UTC 2015,Fri Jan 23 08:46:39 UTC 2015,6C:B7:F4:79:79:DD,2Ez6 ,1,E7,55,13,Improved,Tulla/Kulfo,OW3PP,white,orange,type_3__handsh,3,purple,purple,4-5 months
one,,,,Tulo,orange,white,handshaped__na,purple,purple,3,traditionnal,improved,5,NA,NA,1858.144454,4,white,orange,type_3__handsh,purple,purple,XXXXXXXX,1,Fri Jan 23 08:25:44 UTC 2015,Fri Jan 23 08:29:11 UTC 2015,6C:B7:F4:79:79:EF,2gt5,1,F2,62,13,Improved,Tulla/Kulfo,OW3PP,white,orange,type_3__handsh,3,purple,purple,4-5 months
one,,,,Tulo,orange,white,handshaped__na,purple,purple,3,traditionnal,improved,4,NA,NA,1875.754567,4,redpink,orange,type_3__handsh,purple,purple,XXXXXXXX,1,Fri Jan 23 08:44:24 UTC 2015,Fri Jan 23 08:49:43 UTC 2015,6C:B7:F4:79:79:EF,2gt6,1,F3,63,13,Improved,Tulla/Kulfo,OW3PP,white,orange,type_3__handsh,3,purple,purple,4-5 months
one,,,,Tulu,orange,white,handshaped__na,purple,purple,4,traditionnal,improved,4,NA,NA,1881.172067,4,redpink,orange,type_3__handsh,purple,purple,XXXXXXXX,1,Sat Jan 24 06:48:51 UTC 2015,Sat Jan 24 07:31:15 UTC 2015,6C:B7:F4:79:7A:25,3at1,1,G2,74,13,Improved,Tulla/Kulfo,OW3PP,white,orange,type_3__handsh,3,purple,purple,4-5 months
one,,,,Tulu,orange,white,handshaped__na,purple,purple,1,traditionnal,improved,7,NA,NA,1873.95552,4,white,orange,type_3__handsh,purple,purple,XXXXXXXX,1,Sat Jan 24 08:15:18 UTC 2015,Sat Jan 24 08:21:25 UTC 2015,6C:B7:F4:79:7A:25,3at4,1,G5,77,13,Improved,Tulla/Kulfo,OW3PP,white,orange,type_3__handsh,3,purple,purple,4-5 months
one,,,,Tulo (Fisisa),orange,white,handshaped__na,purple,purple,1,traditionnal,improved,4,NA,NA,1884.107706,4,white,orange,type_3__handsh,purple,purple,XXXXXXXX,1,Sat Jan 24 08:06:48 UTC 2015,Sat Jan 24 08:14:16 UTC 2015,6C:B7:F4:79:79:DD,3EZ6,1,H4,88,13,Improved,Tulla/Kulfo,OW3PP,white,orange,type_3__handsh,3,purple,purple,4-5 months
three,Welayta,Gadesa,Fisisa,Fisisa,orange,white,handshaped__na,purple,purple,4,traditionnal,improved,6,NA,NA,1866.360056,4,redpink,orange,type_3__handsh,purple,purple,XXXXXXXX,1,Sat Jan 24 09:00:29 UTC 2015,Sat Jan 24 09:07:24 UTC 2015,6C:B7:F4:79:79:D9,3kb9,2,B2,110,13,Improved,Tulla/Kulfo,OW3PP,white,orange,type_3__handsh,3,purple,purple,4-5 months
one,,,,Fisisa,orange,white,handshaped__na,purple,purple,3,improved,improved,7,NA,NA,1884.595501,4,white,orange,type_3__handsh,purple,purple,XXXXXXXX,1,Sun Jan 25 12:10:39 UTC 2015,Mon Jan 26 08:21:37 UTC 2015,6C:B7:F4:79:7A:25,4at5,2,B7,115,13,Improved,Tulla/Kulfo,OW3PP,white,orange,type_3__handsh,3,purple,purple,4-5 months
one,,,,Fisisa,orange,white,handshaped__na,purple,purple,1,traditionnal,improved,4,NA,NA,1883.051396,4,redpink,orange,type_3__handsh,purple,purple,XXXXXXXX,0,Sun Jan 25 12:24:06 UTC 2015,Sun Jan 25 14:04:20 UTC 2015,6C:B7:F4:79:7A:25,4at6 ,2,B8,116,13,Improved,Tulla/Kulfo,OW3PP,white,orange,type_3__handsh,3,purple,purple,4-5 months
one,,,,Tulo(pesisa),orange,white,handshaped__na,purple,purple,1,traditionnal,improved,6,NA,NA,1880.594361,4,white,orange,type_3__handsh,purple,purple,XXXXXXXX,1,Sun Jan 25 13:30:53 UTC 2015,Sun Jan 25 13:49:20 UTC 2015,6C:B7:F4:79:79:DD,4EZ8,2,C7,127,13,Improved,Tulla/Kulfo,OW3PP,white,orange,type_3__handsh,3,purple,purple,4-5 months
one,,,,Fisisa (tula),orange,white,handshaped__na,purple,purple,1,improved,improved,4,NA,NA,1903.74132,4,white,orange,type_3__handsh,purple,purple,XXXXXXXX,1,Mon Jan 26 06:37:29 UTC 2015,Mon Jan 26 06:45:34 UTC 2015,6C:B7:F4:79:7A:25,5at2,2,E4,148,13,Improved,Tulla/Kulfo,OW3PP,white,orange,type_3__handsh,3,purple,purple,4-5 months
one,,,,Fisisa,orange,white,handshaped__na,purple,purple,2,traditionnal,improved,4,NA,NA,1926.212986,4,white,orange,type_3__handsh,purple,purple,XXXXXXXX,1,Mon Jan 26 07:11:38 UTC 2015,Mon Jan 26 07:21:30 UTC 2015,6C:B7:F4:79:7A:25,5at3,2,E5,149,13,Improved,Tulla/Kulfo,OW3PP,white,orange,type_3__handsh,3,purple,purple,4-5 months
one,,,,Fisisa,orange,white,handshaped__na,purple,purple,3,traditionnal,improved,3,NA,NA,1911.943716,4,white,orange,type_3__handsh,purple,purple,XXXXXXXX,0,Mon Jan 26 08:11:46 UTC 2015,Mon Jan 26 08:18:06 UTC 2015,6C:B7:F4:79:7A:25,5at8 ,2,E10,154,13,Improved,Tulla/Kulfo,OW3PP,white,orange,type_3__handsh,3,purple,purple,4-5 months
one,,,,Kulfo,orange,white,handshaped__na,purple,purple,3,traditionnal,improved,5,NA,NA,1889.939309,4,white,orange,type_3__handsh,purple,purple,XXXXXXXX,0,Mon Jan 26 06:21:25 UTC 2015,Mon Jan 26 06:29:11 UTC 2015,6C:B7:F4:79:79:DD,5EZ1 ,2,E12,156,13,Improved,Tulla/Kulfo,OW3PP,white,orange,type_3__handsh,3,purple,purple,4-5 months
one,,,,Kulfo,orange,white,handshaped__na,purple,purple,2,traditionnal,improved,4,NA,NA,1918.429158,4,white,orange,type_3__handsh,purple,purple,XXXXXXXX,1,Mon Jan 26 07:10:11 UTC 2015,Mon Jan 26 07:15:51 UTC 2015,6C:B7:F4:79:79:DD,5EZ3,2,F2,158,13,Improved,Tulla/Kulfo,OW3PP,white,orange,type_3__handsh,3,purple,purple,4-5 months
two,Alkeshe,Gadisa,,Alkeshe,orange,white,handshaped__na,purple,green,3,traditionnal,improved,5,NA,NA,1913.386634,4,white,orange,type_3__handsh,purple,purple,XXXXXXXX,1,Mon Jan 26 07:55:17 UTC 2015,Mon Jan 26 08:05:27 UTC 2015,6C:B7:F4:79:79:EF,5gt2,2,F11,167,13,Improved,Tulla/Kulfo,OW3PP,white,orange,type_3__handsh,3,purple,purple,4-5 months
one,,,,Tula,orange,white,handshaped__na,purple,purple,3,traditionnal,improved,5,NA,NA,1852.514688,4,white,orange,type_3__handsh,purple,purple,XXXXXXXX,1,Tue Jan 27 06:51:01 UTC 2015,Tue Jan 27 06:55:46 UTC 2015,6C:B7:F4:79:7A:25,6at3,2,H4,184,13,Improved,Tulla/Kulfo,OW3PP,white,orange,type_3__handsh,3,purple,purple,4-5 months
one,,,,Fisisa,orange,white,handshaped__na,purple,purple,2,improved,improved,5,NA,NA,1831.068602,4,white,orange,type_3__handsh,purple,purple,XXXXXXXX,1,Tue Jan 27 08:48:39 UTC 2015,Tue Jan 27 08:59:29 UTC 2015,6C:B7:F4:79:79:DD,6EZ12,3,A2,194,13,Improved,Tulla/Kulfo,OW3PP,white,orange,type_3__handsh,3,purple,purple,4-5 months
one,,,,Fisisa,orange,white,handshaped__na,purple,purple,3,improved,improved,5,NA,NA,1848.296076,4,white,orange,type_3__handsh,purple,purple,XXXXXXXX,1,Tue Jan 27 09:08:30 UTC 2015,Tue Jan 27 09:17:14 UTC 2015,6C:B7:F4:79:79:DD,6EZ14,3,A4,196,13,Improved,Tulla/Kulfo,OW3PP,white,orange,type_3__handsh,3,purple,purple,4-5 months
one,,,,Fisisa,orange,white,handshaped__na,purple,purple,5,improved,improved,5,NA,NA,1839.585185,4,white,orange,type_3__handsh,purple,purple,XXXXXXXX,1,Tue Jan 27 07:27:10 UTC 2015,Tue Jan 27 07:52:55 UTC 2015,6C:B7:F4:79:79:DD,6EZ5,3,A8,200,13,Improved,Tulla/Kulfo,OW3PP,white,orange,type_3__handsh,3,purple,purple,4-5 months
one,,,,Fisisa,orange,white,handshaped__na,purple,purple,3,traditionnal,improved,4,NA,NA,1830.792504,4,white,orange,type_3__handsh,purple,purple,XXXXXXXX,1,Tue Jan 27 07:53:11 UTC 2015,Tue Jan 27 08:19:17 UTC 2015,6C:B7:F4:79:79:DD,6Ez7,3,A10,202,13,Improved,Tulla/Kulfo,OW3PP,white,orange,type_3__handsh,3,purple,purple,4-5 months
one,,,,Fisisa,orange,white,handshaped__na,purple,purple,1,traditionnal,improved,4,NA,NA,1841.67535,4,white,orange,type_3__handsh,purple,purple,XXXXXXXX,1,Tue Jan 27 08:15:43 UTC 2015,Tue Jan 27 08:33:52 UTC 2015,6C:B7:F4:79:79:DD,6EZ9,3,A12,204,13,Improved,Tulla/Kulfo,OW3PP,white,orange,type_3__handsh,3,purple,purple,4-5 months
one,,,,Tula,orange,white,handshaped__na,purple,purple,3,traditionnal,improved,3,NA,NA,1837.127128,4,white,orange,type_3__handsh,purple,purple,XXXXXXXX,1,Tue Jan 27 09:09:40 UTC 2015,Tue Jan 27 09:14:31 UTC 2015,6C:B7:F4:79:79:D9,6kb12,3,C1,217,13,Improved,Tulla/Kulfo,OW3PP,white,orange,type_3__handsh,3,purple,purple,4-5 months
three,Gadesa,Tula,Welayta,Tula,orange,white,handshaped__na,purple,green,1,traditionnal,improved,4,NA,NA,1878.254871,4,white,orange,type_3__handsh,purple,purple,XXXXXXXX,1,Tue Jan 27 06:55:58 UTC 2015,Tue Jan 27 07:02:21 UTC 2015,6C:B7:F4:79:79:D9,6kb2,3,C3,219,13,Improved,Tulla/Kulfo,OW3PP,white,orange,type_3__handsh,3,purple,purple,4-5 months
one,,,,Tula,orange,white,handshaped__na,purple,green,3,traditionnal,improved,5,NA,NA,1895.629245,4,white,orange,type_3__handsh,purple,purple,XXXXXXXX,1,Wed Jan 28 07:17:26 UTC 2015,Wed Jan 28 07:21:07 UTC 2015,6C:B7:F4:79:7A:25,7at3,3,D1,229,13,Improved,Tulla/Kulfo,OW3PP,white,orange,type_3__handsh,3,purple,purple,4-5 months
one,,,,Fisisa,orange,white,handshaped__na,purple,purple,4,traditionnal,improved,4,NA,NA,1851.236007,4,white,orange,type_3__handsh,purple,purple,XXXXXXXX,1,Wed Jan 28 08:27:12 UTC 2015,Wed Jan 28 08:31:43 UTC 2015,6C:B7:F4:79:7A:25,7at5,3,D3,231,13,Improved,Tulla/Kulfo,OW3PP,white,orange,type_3__handsh,3,purple,purple,4-5 months
one,,,,Fisisa,orange,white,handshaped__na,purple,purple,5,traditionnal,improved,4,NA,NA,1849.075209,4,white,orange,type_3__handsh,purple,purple,XXXXXXXX,1,Wed Jan 28 08:32:56 UTC 2015,Wed Jan 28 08:37:35 UTC 2015,6C:B7:F4:79:7A:25,7at6,3,D4,232,13,Improved,Tulla/Kulfo,OW3PP,white,orange,type_3__handsh,3,purple,purple,4-5 months
one,,,,Tula,orange,white,handshaped__na,purple,purple,3,improved,improved,5,NA,NA,1850.659097,4,white,orange,type_3__handsh,purple,purple,XXXXXXXX,0,Wed Jan 28 08:49:38 UTC 2015,Wed Jan 28 08:52:58 UTC 2015,6C:B7:F4:79:7A:25,7at9,3,D7,235,13,Improved,Tulla/Kulfo,OW3PP,white,orange,type_3__handsh,3,purple,purple,4-5 months
one,,,,Fisisa,orange,white,handshaped__na,purple,purple,4,improved,improved,4,NA,NA,1821.683303,4,white,orange,type_3__handsh,purple,purple,XXXXXXXX,1,Wed Jan 28 07:16:58 UTC 2015,Wed Jan 28 07:20:34 UTC 2015,6C:B7:F4:79:79:DD,7EZ4,3,D11,239,13,Improved,Tulla/Kulfo,OW3PP,white,orange,type_3__handsh,3,purple,purple,4-5 months
one,,,,Fisisa,orange,white,handshaped__na,purple,purple,1,traditionnal,improved,5,NA,NA,1806.371766,4,white,orange,type_3__handsh,purple,purple,XXXXXXXX,0,Wed Jan 28 07:32:33 UTC 2015,Wed Jan 28 07:37:53 UTC 2015,6C:B7:F4:79:79:DD,7EZ5,3,D12,240,13,Improved,Tulla/Kulfo,OW3PP,white,orange,type_3__handsh,3,purple,purple,4-5 months
one,,,,Tulo(Fisisa),orange,white,handshaped__na,purple,green,5,traditionnal,improved,6,NA,NA,1829.175726,4,white,orange,type_3__handsh,purple,purple,XXXXXXXX,1,Wed Jan 28 08:26:56 UTC 2015,Wed Jan 28 08:32:09 UTC 2015,6C:B7:F4:79:79:DD,7EZ8,3,E3,243,13,Improved,Tulla/Kulfo,OW3PP,white,orange,type_3__handsh,3,purple,purple,4-5 months
one,,,,Fisisa,orange,white,handshaped__na,purple,purple,3,traditionnal,improved,4,NA,NA,1855.826226,4,white,orange,type_3__handsh,purple,purple,XXXXXXXX,1,Wed Jan 28 07:49:05 UTC 2015,Wed Jan 28 07:53:07 UTC 2015,6C:B7:F4:79:79:D9,7kb10,3,E11,251,13,Improved,Tulla/Kulfo,OW3PP,white,orange,type_3__handsh,3,purple,purple,4-5 months
one,,,,Tulo,orange,white,handshaped__na,purple,purple,3,traditionnal,improved,4,NA,NA,1829.16871,4,white,orange,type_3__handsh,purple,purple,XXXXXXXX,1,Wed Jan 28 07:12:44 UTC 2015,Wed Jan 28 07:16:35 UTC 2015,6C:B7:F4:79:79:D9,7kb5,3,F3,255,13,Improved,Tulla/Kulfo,OW3PP,white,orange,type_3__handsh,3,purple,purple,4-5 months
three,Gadesa,Fisisa,Temesign,Fisisa,orange,white,handshaped__na,purple,purple,3,improved,improved,3,NA,NA,1829.276258,4,white,orange,type_3__handsh,purple,purple,XXXXXXXX,1,Wed Jan 28 07:26:10 UTC 2015,Wed Jan 28 07:32:05 UTC 2015,6C:B7:F4:79:79:D9,7kb7,3,F5,257,13,Improved,Tulla/Kulfo,OW3PP,white,orange,type_3__handsh,3,purple,purple,4-5 months
one,,,,Alkeshe,orange,white,handshaped__na,purple,purple,2,improved,traditional,3,NA,NA,1905.897503,4,white,orange,type_3__handsh,purple,purple,XXXXXXXX,0,Mon Jan 26 09:41:39 UTC 2015,Mon Jan 26 10:30:43 UTC 2015,6C:B7:F4:79:79:EF,5gt7 ,2,G4,172,13,Improved,Tulla/Kulfo,OW3PP,white,orange,type_3__handsh,3,purple,purple,4-5 months
one,,,,Alkeshe,orange,white,handshaped__na,purple,purple,4,improved,traditional,3,NA,NA,1934.709549,4,white,orange,type_3__handsh,purple,purple,XXXXXXXX,1,Mon Jan 26 09:50:45 UTC 2015,Mon Jan 26 10:31:41 UTC 2015,6C:B7:F4:79:79:EF,5gt8,2,G5,173,13,Improved,Tulla/Kulfo,OW3PP,white,orange,type_3__handsh,3,purple,purple,4-5 months
one,,,,Alkeshe,orange,white,handshaped__na,purple,purple,3,improved,traditional,3,NA,NA,1915.716352,4,white,orange,type_3__handsh,purple,purple,XXXXXXXX,1,Mon Jan 26 10:03:13 UTC 2015,Mon Jan 26 10:32:04 UTC 2015,6C:B7:F4:79:79:EF,5gt9,2,G6,174,13,Improved,Tulla/Kulfo,OW3PP,white,orange,type_3__handsh,3,purple,purple,4-5 months
one,,,,Fisisa,orange,white,handshaped__na,purple,purple,4,improved,traditional,3,NA,NA,1847.792248,4,white,orange,type_3__handsh,purple,purple,XXXXXXXX,1,Tue Jan 27 07:47:43 UTC 2015,Tue Jan 27 07:53:48 UTC 2015,6C:B7:F4:79:79:EF,6gt4,3,B4,208,13,Improved,Tulla/Kulfo,OW3PP,white,orange,type_3__handsh,3,purple,purple,4-5 months
one,,,,Fisisa,orange,white,handshaped__na,purple,purple,2,improved,traditional,4,NA,NA,1842.884633,4,white,orange,type_3__handsh,purple,purple,XXXXXXXX,1,Tue Jan 27 07:57:43 UTC 2015,Tue Jan 27 08:04:50 UTC 2015,6C:B7:F4:79:79:EF,6gt5,3,B5,209,13,Improved,Tulla/Kulfo,OW3PP,white,orange,type_3__handsh,3,purple,purple,4-5 months
one,,,,Fisisa,orange,white,handshaped__na,purple,purple,3,improved,traditional,4,NA,NA,1836.827639,4,white,orange,type_3__handsh,purple,purple,XXXXXXXX,1,Tue Jan 27 08:32:10 UTC 2015,Tue Jan 27 08:38:35 UTC 2015,6C:B7:F4:79:79:EF,6gt6,3,B6,210,13,Improved,Tulla/Kulfo,OW3PP,white,orange,type_3__handsh,3,purple,purple,4-5 months
one,,,,Fino,orange,white,hearthshapedtr,green,purple,5,improved,traditional,3,NA,NA,1921.61653,4,white,orange,type_1__hearth,green,purple,XXXXXXXX,0,Mon Jan 26 09:21:21 UTC 2015,Mon Jan 26 10:30:21 UTC 2015,6C:B7:F4:79:79:EF,5gt6 ,2,G3,171,13,Improved,Tulla/Kulfo,OW3PP,white,orange,type_3__handsh,3,purple,purple,4-5 months
one,,,,Beletech,orange,white,with_5_nodes,green,green,3,traditionnal,improved,3,NA,NA,1900.434194,4,redpink,white,type_1__hearth,green,green,XXXXXXXX,1,Mon Jan 26 06:36:21 UTC 2015,Mon Jan 26 06:50:05 UTC 2015,6C:B7:F4:79:79:EF,5gt1,2,F10,166,13,Improved,Tulla/Kulfo,OW3PP,white,orange,type_3__handsh,3,purple,purple,4-5 months
three,Fao,Fino,Welayta,FAO,orange,white,with_5_nodes,green,purple,10,traditionnal,improved,4,NA,NA,1939.943223,4,white,white,type_1__hearth,green,purple,XXXXXXXX,1,Mon Jan 26 07:31:30 UTC 2015,Mon Jan 26 07:43:08 UTC 2015,6C:B7:F4:79:79:D9,5kb2,2,G8,176,13,Improved,Tulla/Kulfo,OW3PP,white,orange,type_3__handsh,3,purple,purple,4-5 months
three,Dk,Gadisa,Tulu (fisafisa),Tulu (fisafisa),white,redpink,type_6__with_5,purple,purple,4,traditionnal,improved,5,NA,NA,1887.455968,4,white,orange,type_3__handsh,purple,purple,XXXXXXXX,1,Sun Jan 25 11:19:17 UTC 2015,Sun Jan 25 11:28:09 UTC 2015,6C:B7:F4:79:7A:25,4at2,2,B4,112,13,Improved,Tulla/Kulfo,OW3PP,white,orange,type_3__handsh,3,purple,purple,4-5 months
one,,,,Fisisa,white,redpink,type_6__with_5,purple,purple,2,improved,traditional,6,NA,NA,1870.514027,4,redpink,white,type_6__with_5,purple,purple,XXXXXXXX,1,Sun Jan 25 11:47:21 UTC 2015,Sun Jan 25 11:54:17 UTC 2015,6C:B7:F4:79:79:EF,4gt3,2,C11,131,13,Improved,Tulla/Kulfo,OW3PP,white,orange,type_3__handsh,3,purple,purple,4-5 months
one,,,,Wolayita,white,white,type_1__hearth,green,green,1,improved,improved,6,NA,NA,1880.479335,4,white,white,type_1__hearth,green,green,XXXXXXXX,1,Sun Jan 25 11:50:52 UTC 2015,Sun Jan 25 11:58:56 UTC 2015,6C:B7:F4:79:79:D9,4kb3,2,D8,140,13,Improved,Tulla/Kulfo,OW3PP,white,orange,type_3__handsh,3,purple,purple,4-5 months
one,,,,Wolayita,white,white,type_1__hearth,green,green,3,traditionnal,improved,4,NA,NA,1871.188184,4,white,white,type_1__hearth,green,purple,XXXXXXXX,1,Mon Jan 26 09:05:36 UTC 2015,Mon Jan 26 09:10:43 UTC 2015,6C:B7:F4:79:79:D9,5kb7,2,H1,181,13,Improved,Tulla/Kulfo,OW3PP,white,orange,type_3__handsh,3,purple,purple,4-5 months
two,Tula,Fino,,Fino,white,white,type_4__with_5,green,green,3,improved,traditional,3,NA,NA,1849.781194,4,white,white,type_4__with_5,green,green,XXXXXXXX,1,Tue Jan 27 06:40:31 UTC 2015,Tue Jan 27 06:49:33 UTC 2015,6C:B7:F4:79:7A:25,6at2,2,H3,183,13,Improved,Tulla/Kulfo,OW3PP,white,orange,type_3__handsh,3,purple,purple,4-5 months
two,Fao,Fisisa,,Fisisa,orange,white,handshaped__na,purple,purple,2,traditionnal,improved,6,NA,NA,1878.5891,4,white,orange,type_3__handsh,purple,purple,XXXXXXXX,1,Sun Jan 25 12:02:15 UTC 2015,Sun Jan 25 12:10:43 UTC 2015,6C:B7:F4:79:79:D9,4kb4,2,D9,141,1,Local,,,,,,,,,Local variety
three,Fao,Welayita,Gadesa,FAO,orange,white,with_5_nodes,green,green,3,traditionnal,improved,7,NA,NA,1864.395312,4,white,orange,type_1__hearth,green,green,XXXXXXXX,1,Sat Jan 24 08:42:59 UTC 2015,Sat Jan 24 08:48:48 UTC 2015,6C:B7:F4:79:79:D9,3kb8,2,B1,109,1,Local,,,,,,,,,Local variety
three,Gadesa,Welayita,Fisisa,Fisisa,orange,white,handshaped__na,purple,purple,3,traditionnal,improved,5,NA,NA,1865.641237,4,redpink,orange,type_3__handsh,purple,purple,XXXXXXXX,1,Sat Jan 24 08:21:49 UTC 2015,Sat Jan 24 08:28:44 UTC 2015,6C:B7:F4:79:79:D9,3kb6,2,A11,107,7,Local,,,,,,,,,Local variety
one,,,,Tula,orange,white,handshaped__na,purple,purple,3,improved,improved,3,NA,NA,1831.54707,4,white,orange,type_3__handsh,purple,purple,XXXXXXXX,1,Tue Jan 27 07:31:39 UTC 2015,Tue Jan 27 07:37:06 UTC 2015,6C:B7:F4:79:7A:25,6at4,2,H5,185,117,Local,,,,,,,,,Local variety
two,Fino,Pisisa,,Fino,orange,white,hearthshapedtr,green,green,4,improved,traditional,5,NA,NA,1810.099006,4,white,orange,type_1__hearth,green,green,XXXXXXXX,1,Wed Jan 28 07:13:55 UTC 2015,Wed Jan 28 07:16:55 UTC 2015,6C:B7:F4:79:79:DD,7EZ3,3,D10,238,117,Local,,,,,,,,,Local variety
one,,,,Fino,orange,white,hearthshapedtr,purple,purple,5,improved,traditional,5,NA,NA,1808.136067,4,white,orange,type_1__hearth,purple,purple,XXXXXXXX,1,Wed Jan 28 06:34:07 UTC 2015,Wed Jan 28 06:41:10 UTC 2015,6C:B7:F4:79:79:EF,7gt2,3,E6,246,185,Local,,,,,,,,,Local variety
two,Gadesa,Lesan,,Lesan,orange,white,hearthshapedtr,green,green,1,improved,improved,6,NA,NA,1867.389402,4,white,white,type_1__hearth,green,green,XXXXXXXX,1,Sun Jan 25 11:18:00 UTC 2015,Sun Jan 25 11:29:10 UTC 2015,6C:B7:F4:79:79:D9,4kb1,2,D6,138,1,Local,,,,,,,,,Local variety
one,,,,FAO,orange,white,hearthshapedtr,green,purple,3,improved,improved,5,NA,NA,1875.616665,4,white,white,type_1__hearth,green,purple,XXXXXXXX,1,Sun Jan 25 13:39:54 UTC 2015,Sun Jan 25 15:02:27 UTC 2015,6C:B7:F4:79:79:D9,4kb7,2,D12,144,1,Local,,,,,,,,,Local variety
two,Gadisa,Fino,,Fino,orange,white,hearthshapedtr,purple,purple,1,improved,improved,4,NA,NA,1887.447982,4,white,white,type_4__with_5,green,green,XXXXXXXX,1,Mon Jan 26 06:24:48 UTC 2015,Mon Jan 26 06:36:24 UTC 2015,6C:B7:F4:79:7A:25,5at1,2,E3,147,1,Local,,,,,,,,,Local variety
one,,,,Wolayita,orange,white,hearthshapedtr,green,green,3,traditionnal,traditional,6,NA,NA,1867.077612,4,white,white,type_1__hearth,green,green,XXXXXXXX,1,Fri Jan 23 08:12:03 UTC 2015,Fri Jan 23 08:17:05 UTC 2015,6C:B7:F4:79:79:D9,2kb4,1,F9,69,1,Local,,,,,,,,,Local variety
three,Gadissa,Peno,Wolayita,Peno,orange,white,handshaped__na,purple,green,1,traditionnal,improved,5,NA,NA,1900,9,white,white,type_4__with_5,green,green,XXXXXXXX,1,Sun Jan 25 20:04:28 UTC 2015,Sun Jan 25 21:28:34 UTC 2015,3.58E+14,5FK1,2,F8,164,62,Local,,,,,,,,,Local variety
two,Bela,Beletech,,Beletech,orange,white,hearthshapedtr,green,purple,1,improved,improved,4,NA,NA,1847.653163,4,white,white,type_4__with_5,green,green,XXXXXXXX,1,Tue Jan 27 08:20:27 UTC 2015,Tue Jan 27 08:29:47 UTC 2015,6C:B7:F4:79:79:D9,6kb8,3,C9,225,62,Local,,,,,,,,,Local variety
one,,,,Beletu,orange,white,hearthshapedtr,green,green,6,traditionnal,improved,4,NA,NA,1841.353821,4,redpink,white,type_1__hearth,green,green,XXXXXXXX,1,Tue Jan 27 08:40:40 UTC 2015,Tue Jan 27 08:43:53 UTC 2015,6C:B7:F4:79:79:D9,6kb10,3,B11,215,117,Local,,,,,,,,,Local variety
one,,,,Gadisa,white,redpink,type_1__hearth,green,green,3,traditionnal,improved,6,NA,NA,1863.909896,4,redpink,white,type_1__hearth,green,green,XXXXXXXX,1,Fri Jan 23 06:58:44 UTC 2015,Fri Jan 23 07:06:41 UTC 2015,6C:B7:F4:79:79:EF,2gt1,1,E10,58,1,Local,,,,,,,,,Local variety
three,Gadesa,Luyus,Fao,Gadisa,white,redpink,type_1__hearth,green,green,8,improved,traditional,5,NA,NA,1905.472543,4,redpink,white,type_1__hearth,green,green,XXXXXXXX,1,Thu Jan 22 09:10:27 UTC 2015,Thu Jan 22 09:22:54 UTC 2015,6C:B7:F4:79:79:DD,1EZ8,1,B9,21,1,Local,,,,,,,,,Local variety
two,Gadisa,Dk,,Gadisa,white,redpink,type_1__hearth,green,purple,1,improved,traditional,6,NA,NA,1877.009078,4,redpink,white,type_1__hearth,green,green,XXXXXXXX,1,Fri Jan 23 08:25:05 UTC 2015,Fri Jan 23 08:32:57 UTC 2015,6C:B7:F4:79:7A:25,2at5,1,D10,46,1,Local,,,,,,,,,Local variety
one,,,,Unknown,white,white,type_2__with_3,green,green,1,improved,do_not_know,7,NA,NA,1883.142596,4,white,white,type_1__hearth,green,green,XXXXXXXX,0,Sun Jan 25 13:40:03 UTC 2015,Sun Jan 25 13:56:41 UTC 2015,6C:B7:F4:79:7A:25,4at9 ,2,B11,119,1,Local,,,,,,,,,Local variety
one,,,,FAO,white,white,type_1__hearth,green,purple,3,traditionnal,improved,6,NA,NA,1907.05573,4,white,white,type_1__hearth,green,green,XXXXXXXX,1,Thu Jan 22 09:32:37 UTC 2015,Thu Jan 22 09:40:49 UTC 2015,6C:B7:F4:79:79:DD,1EZ10,1,B2,14,1,Local,,,,,,,,,Local variety
two,Gadisa,Dk,,Unknown,white,white,type_1__hearth,purple,green,1,traditionnal,improved,6,NA,NA,1881.369043,4,white,white,type_1__hearth,green,green,XXXXXXXX,1,Fri Jan 23 07:33:38 UTC 2015,Fri Jan 23 07:42:22 UTC 2015,6C:B7:F4:79:7A:25,2at2,1,D7,43,1,Local,,,,,,,,,Local variety
one,,,,Unknown,white,white,type_4__with_5,green,purple,1,traditionnal,improved,6,NA,NA,1874.184392,4,white,white,type_1__hearth,green,green,XXXXXXXX,1,Fri Jan 23 07:45:47 UTC 2015,Fri Jan 23 07:53:46 UTC 2015,6C:B7:F4:79:7A:25,2at3,1,D8,44,1,Local,,,,,,,,,Local variety
two,Dk,Gadisa,,Unknown,white,white,type_1__hearth,green,green,1,improved,improved,6,NA,NA,1878.440037,4,white,white,type_1__hearth,green,green,XXXXXXXX,1,Fri Jan 23 07:55:50 UTC 2015,Fri Jan 23 08:06:28 UTC 2015,6C:B7:F4:79:7A:25,2at4,1,D9,45,1,Local,,,,,,,,,Local variety
one,,,,Awassa83,white,white,type_1__hearth,green,green,5,traditionnal,improved,6,NA,NA,1866.0485,4,white,white,type_1__hearth,green,green,XXXXXXXX,1,Fri Jan 23 08:51:34 UTC 2015,Fri Jan 23 08:56:52 UTC 2015,6C:B7:F4:79:79:EF,2gt7,1,F4,64,1,Local,,,,,,,,,Local variety
one,,,,Unknown,white,white,type_1__hearth,green,green,3,traditionnal,improved,6,NA,NA,1886.165064,4,white,white,type_1__hearth,green,green,XXXXXXXX,1,Sat Jan 24 07:31:34 UTC 2015,Sat Jan 24 07:34:30 UTC 2015,6C:B7:F4:79:7A:25,3at2,1,G3,75,1,Local,,,,,,,,,Local variety
one,,,,Unknown,white,white,type_1__hearth,green,green,1,traditionnal,improved,7,NA,NA,1887.250757,4,white,white,type_1__hearth,green,green,XXXXXXXX,1,Sat Jan 24 08:27:30 UTC 2015,Sat Jan 24 08:32:07 UTC 2015,6C:B7:F4:79:7A:25,3at5,1,G6,78,1,Local,,,,,,,,,Local variety
one,,,,Unknown,white,white,type_1__hearth,green,green,2,improved,improved,8,NA,NA,1879.665044,4,white,white,type_1__hearth,green,green,XXXXXXXX,1,Sat Jan 24 08:33:25 UTC 2015,Sat Jan 24 08:37:21 UTC 2015,6C:B7:F4:79:7A:25,3at6,1,G7,79,1,Local,,,,,,,,,Local variety
one,,,,Unknown,white,white,type_1__hearth,green,green,2,traditionnal,improved,8,NA,NA,1895.634142,4,white,white,type_1__hearth,green,green,XXXXXXXX,1,Sat Jan 24 08:39:20 UTC 2015,Sat Jan 24 08:43:00 UTC 2015,6C:B7:F4:79:7A:25,3at7,1,G8,80,1,Local,,,,,,,,,Local variety
one,,,,Unknown,white,white,type_1__hearth,green,green,3,improved,improved,7,NA,NA,1871.496105,4,white,white,type_1__hearth,green,green,XXXXXXXX,1,Sat Jan 24 09:22:15 UTC 2015,Sat Jan 24 09:26:04 UTC 2015,6C:B7:F4:79:7A:25,3at8,1,G9,81,1,Local,,,,,,,,,Local variety
one,,,,Unknown,white,white,type_1__hearth,green,green,1,traditionnal,improved,6,NA,NA,1899.11956,4,white,white,type_1__hearth,green,green,XXXXXXXX,1,Sat Jan 24 05:20:38 UTC 2015,Sat Jan 24 10:03:04 UTC 2015,6C:B7:F4:79:79:DD,3Ez1,1,G11,83,1,Local,,,,,,,,,Local variety
one,,,,Unknown,white,white,type_1__hearth,green,green,2,improved,improved,7,NA,NA,1909.95995,4,white,white,type_1__hearth,green,green,XXXXXXXX,1,Sat Jan 24 07:12:14 UTC 2015,Sat Jan 24 10:03:45 UTC 2015,6C:B7:F4:79:79:DD,3EZ3,1,H1,85,1,Local,,,,,,,,,Local variety
one,,,,Unknown,white,white,type_1__hearth,green,green,1,traditionnal,improved,7,NA,NA,1901.932122,4,white,white,type_5__hearth,green,green,XXXXXXXX,1,Sat Jan 24 07:20:30 UTC 2015,Sat Jan 24 10:04:49 UTC 2015,6C:B7:F4:79:79:DD,3EZ4,1,H2,86,1,Local,,,,,,,,,Local variety
one,,,,Unknown,white,white,type_1__hearth,green,green,3,traditionnal,improved,7,NA,NA,1906.593473,4,white,white,type_1__hearth,green,green,XXXXXXXX,1,Sat Jan 24 07:30:42 UTC 2015,Sat Jan 24 10:05:38 UTC 2015,6C:B7:F4:79:79:DD,3EZ5,1,H3,87,1,Local,,,,,,,,,Local variety
one,,,,Unknown,white,white,type_1__hearth,green,green,2,traditionnal,improved,6,NA,NA,1883.240958,4,white,white,type_1__hearth,green,green,XXXXXXXX,1,Sat Jan 24 08:41:14 UTC 2015,Sat Jan 24 08:47:29 UTC 2015,6C:B7:F4:79:79:DD,3EZ8,1,H6,90,1,Local,,,,,,,,,Local variety
one,,,,Wolayita,white,white,type_1__hearth,green,green,1,traditionnal,improved,7,NA,NA,1905.745053,4,white,white,type_1__hearth,green,green,XXXXXXXX,1,Sat Jan 24 06:46:54 UTC 2015,Sat Jan 24 06:54:58 UTC 2015,6C:B7:F4:79:79:EF,3gt1,1,H8,92,1,Local,,,,,,,,,Local variety
two,Gadesa,Welayita,,Wolayita,white,white,type_1__hearth,green,purple,1,improved,improved,6,NA,NA,1865.386706,4,white,white,type_5__hearth,green,green,XXXXXXXX,1,Sat Jan 24 07:27:52 UTC 2015,Sat Jan 24 07:37:21 UTC 2015,6C:B7:F4:79:79:D9,3kb2,2,A7,103,1,Local,,,,,,,,,Local variety
one,,,,Wolayita,white,white,type_1__hearth,green,purple,3,improved,improved,7,NA,NA,1868.992541,4,white,white,type_1__hearth,green,green,XXXXXXXX,1,Sat Jan 24 07:46:48 UTC 2015,Sat Jan 24 07:52:16 UTC 2015,6C:B7:F4:79:79:D9,3kb3,2,A8,104,1,Local,,,,,,,,,Local variety
one,,,,Wolayita,white,white,type_1__hearth,green,green,1,improved,improved,8,NA,NA,1845.591673,4,white,white,type_1__hearth,green,green,XXXXXXXX,1,Sat Jan 24 07:57:28 UTC 2015,Sat Jan 24 08:08:44 UTC 2015,6C:B7:F4:79:79:D9,3kb4,2,A9,105,1,Local,,,,,,,,,Local variety
two,Gadesa,Welayita,,Wolayita,white,white,type_1__hearth,green,green,2,traditionnal,improved,6,NA,NA,1871.22599,4,white,white,type_1__hearth,green,green,XXXXXXXX,1,Sat Jan 24 08:36:21 UTC 2015,Sat Jan 24 08:41:45 UTC 2015,6C:B7:F4:79:79:D9,3kb7,2,A12,108,1,Local,,,,,,,,,Local variety
two,Gadisa,Dk,,Unknown,white,white,type_1__hearth,green,green,4,improved,improved,7,NA,NA,1872.729818,4,white,white,type_1__hearth,green,green,XXXXXXXX,1,Sun Jan 25 11:38:56 UTC 2015,Sun Jan 25 11:46:31 UTC 2015,6C:B7:F4:79:7A:25,4at3,2,B5,113,1,Local,,,,,,,,,Local variety
one,,,,Unknown,white,white,type_1__hearth,green,green,1,improved,improved,8,NA,NA,1878.049493,4,white,white,type_1__hearth,green,green,XXXXXXXX,1,Sun Jan 25 10:32:47 UTC 2015,Sun Jan 25 11:25:03 UTC 2015,6C:B7:F4:79:79:DD,4EZ1,2,B12,120,1,Local,,,,,,,,,Local variety
one,,,,Wolayita,white,white,type_2__with_3,green,green,2,traditionnal,improved,5,NA,NA,1883.822605,4,white,white,type_5__hearth,green,green,XXXXXXXX,1,Sun Jan 25 12:39:38 UTC 2015,Sun Jan 25 12:56:41 UTC 2015,6C:B7:F4:79:79:DD,4EZ5,2,C4,124,1,Local,,,,,,,,,Local variety
two,Fao,Fisisa,,FAO,white,white,type_1__hearth,green,green,9,traditionnal,improved,7,NA,NA,1882.858735,4,white,white,type_1__hearth,green,purple,XXXXXXXX,1,Sun Jan 25 12:11:40 UTC 2015,Sun Jan 25 12:20:57 UTC 2015,6C:B7:F4:79:79:D9,4kb5,2,D10,142,1,Local,,,,,,,,,Local variety
one,,,,Wolayita,white,white,type_1__hearth,green,green,3,improved,improved,5,NA,NA,1880.885966,4,white,white,type_1__hearth,green,green,XXXXXXXX,1,Sun Jan 25 13:47:23 UTC 2015,Sun Jan 25 13:51:36 UTC 2015,6C:B7:F4:79:79:D9,4kb8,2,E1,145,1,Local,,,,,,,,,Local variety
one,,,,Wolayita,white,white,type_5__hearth,green,green,4,traditionnal,improved,5,NA,NA,1870.593214,4,white,white,type_5__hearth,green,green,XXXXXXXX,1,Tue Jan 27 07:11:10 UTC 2015,Tue Jan 27 07:19:16 UTC 2015,6C:B7:F4:79:79:D9,6kb4,3,C5,221,1,Local,,,,,,,,,Local variety
one,,,,Unknown,white,white,type_1__hearth,green,green,1,improved,traditional,6,NA,NA,1884.21619,4,white,white,type_1__hearth,green,green,XXXXXXXX,1,Fri Jan 23 08:33:02 UTC 2015,Fri Jan 23 08:36:25 UTC 2015,6C:B7:F4:79:7A:25,2at6,1,D11,47,1,Local,,,,,,,,,Local variety
one,,,,FAO,white,white,type_2__with_3,purple,purple,5,improved,traditional,6,NA,NA,1872.201577,4,white,white,type_1__hearth,green,green,XXXXXXXX,1,Fri Jan 23 07:55:43 UTC 2015,Fri Jan 23 08:07:59 UTC 2015,6C:B7:F4:79:79:D9,2kb3,1,F8,68,1,Local,,,,,,,,,Local variety
one,,,,Wolayita,white,white,type_1__hearth,green,green,99,improved,traditional,6,NA,NA,1884.493425,4,white,white,type_1__hearth,green,green,XXXXXXXX,1,Fri Jan 23 09:44:13 UTC 2015,Fri Jan 23 09:48:16 UTC 2015,6C:B7:F4:79:79:D9,2kb8,1,G1,73,1,Local,,,,,,,,,Local variety
one,,,,Unknown,white,white,type_1__hearth,green,green,1,improved,traditional,7,NA,NA,1897.941702,4,white,white,type_1__hearth,green,green,XXXXXXXX,1,Sat Jan 24 06:52:14 UTC 2015,Sat Jan 24 10:02:55 UTC 2015,6C:B7:F4:79:79:DD,3EZ2,1,G12,84,1,Local,,,,,,,,,Local variety
one,,,,Wolayita,white,white,type_1__hearth,green,green,2,improved,traditional,7,NA,NA,1896.847683,4,white,white,type_1__hearth,green,green,XXXXXXXX,1,Sat Jan 24 06:58:17 UTC 2015,Sat Jan 24 07:03:23 UTC 2015,6C:B7:F4:79:79:EF,3gt2,1,H9,93,1,Local,,,,,,,,,Local variety
one,,,,Unknown,white,white,type_1__hearth,green,green,2,improved,traditional,8,NA,NA,1906.185127,4,white,white,type_1__hearth,green,green,XXXXXXXX,1,Sat Jan 24 07:10:13 UTC 2015,Sat Jan 24 07:17:11 UTC 2015,6C:B7:F4:79:79:EF,3gt3,1,H10,94,1,Local,,,,,,,,,Local variety
one,,,,Unknown,white,white,type_1__hearth,green,green,1,improved,traditional,7,NA,NA,1908.954556,4,white,white,type_1__hearth,green,green,XXXXXXXX,1,Sat Jan 24 07:24:21 UTC 2015,Sat Jan 24 07:28:18 UTC 2015,6C:B7:F4:79:79:EF,3gt4,1,H11,95,1,Local,,,,,,,,,Local variety
one,,,,Unknown,white,white,type_1__hearth,green,green,2,improved,traditional,7,NA,NA,1912.149524,4,white,white,type_1__hearth,green,green,XXXXXXXX,1,Sat Jan 24 07:42:44 UTC 2015,Sat Jan 24 07:47:29 UTC 2015,6C:B7:F4:79:79:EF,3gt5,1,H12,96,1,Local,,,,,,,,,Local variety
one,,,,Unknown,white,white,type_1__hearth,green,green,2,improved,traditional,7,NA,NA,1904.313575,4,white,white,type_1__hearth,green,green,XXXXXXXX,0,Sat Jan 24 07:48:44 UTC 2015,Sat Jan 24 07:52:50 UTC 2015,6C:B7:F4:79:79:EF,3gt6 ,2,A1,97,1,Local,,,,,,,,,Local variety
one,,,,Wolayita,white,white,type_1__hearth,green,green,1,improved,traditional,7,NA,NA,1895.595686,4,white,white,type_1__hearth,green,green,XXXXXXXX,1,Sat Jan 24 08:15:41 UTC 2015,Sat Jan 24 08:19:37 UTC 2015,6C:B7:F4:79:79:EF,3gt7,2,A2,98,1,Local,,,,,,,,,Local variety
one,,,,Wolayita,white,white,type_1__hearth,green,green,3,improved,traditional,7,NA,NA,1898.903178,4,white,white,type_1__hearth,green,green,XXXXXXXX,1,Sat Jan 24 08:28:12 UTC 2015,Sat Jan 24 08:31:51 UTC 2015,6C:B7:F4:79:79:EF,3gt8,2,A3,99,1,Local,,,,,,,,,Local variety
one,,,,Wolayita,white,white,type_1__hearth,green,green,3,improved,traditional,7,NA,NA,1866.90939,4,white,white,type_1__hearth,green,green,XXXXXXXX,1,Sat Jan 24 09:57:48 UTC 2015,Sat Jan 24 10:00:49 UTC 2015,6C:B7:F4:79:79:EF,3gt9,2,A4,100,1,Local,,,,,,,,,Local variety
one,,,,Wolayita,white,white,type_2__with_3,green,purple,1,improved,traditional,5,NA,NA,1870.815763,4,white,white,type_1__hearth,green,green,XXXXXXXX,1,Sun Jan 25 13:17:31 UTC 2015,Sun Jan 25 13:24:10 UTC 2015,6C:B7:F4:79:7A:25,4at8,2,B10,118,1,Local,,,,,,,,,Local variety
one,,,,Unknown,white,white,type_1__hearth,green,green,1,improved,traditional,8,NA,NA,1868.124703,4,white,white,type_1__hearth,green,green,XXXXXXXX,1,Sun Jan 25 11:32:13 UTC 2015,Sun Jan 25 11:39:26 UTC 2015,6C:B7:F4:79:79:DD,4EZ2,2,C1,121,1,Local,,,,,,,,,Local variety
one,,,,Unknown,white,white,type_1__hearth,green,green,2,improved,traditional,7,NA,NA,1868.752924,4,white,white,type_5__hearth,green,green,XXXXXXXX,1,Sun Jan 25 11:52:47 UTC 2015,Sun Jan 25 12:03:04 UTC 2015,6C:B7:F4:79:79:DD,4Ez4,2,C3,123,1,Local,,,,,,,,,Local variety
one,,,,Wolayita,white,white,type_1__hearth,green,green,1,improved,traditional,6,NA,NA,1869.135905,4,white,white,type_5__hearth,green,green,XXXXXXXX,0,Sun Jan 25 13:40:15 UTC 2015,Sun Jan 25 13:54:36 UTC 2015,6C:B7:F4:79:79:DD,4EZ9  ,2,C8,128,1,Local,,,,,,,,,Local variety
one,,,,Wolayita,white,white,type_1__hearth,green,green,2,improved,traditional,6,NA,NA,1877.913673,4,white,white,type_1__hearth,green,green,XXXXXXXX,1,Sun Jan 25 12:39:07 UTC 2015,Sun Jan 25 12:42:49 UTC 2015,6C:B7:F4:79:79:EF,4gt6,2,D2,134,1,Local,,,,,,,,,Local variety
one,,,,Wolayita,white,white,type_1__hearth,green,green,3,improved,traditional,6,NA,NA,1881.962507,4,white,white,type_1__hearth,green,green,XXXXXXXX,0,Sun Jan 25 12:49:05 UTC 2015,Sun Jan 25 12:53:36 UTC 2015,6C:B7:F4:79:79:EF,4gt7 ,2,D3,135,1,Local,,,,,,,,,Local variety
one,,,,Wolayita,white,white,type_1__hearth,green,green,3,improved,traditional,6,NA,NA,1876.647643,4,white,white,type_1__hearth,green,green,XXXXXXXX,1,Sun Jan 25 13:13:29 UTC 2015,Sun Jan 25 13:16:34 UTC 2015,6C:B7:F4:79:79:EF,4gt8,2,D4,136,1,Local,,,,,,,,,Local variety
one,,,,Wolayita,white,white,type_1__hearth,green,green,1,improved,traditional,6,NA,NA,1874.148316,4,white,white,type_1__hearth,green,green,XXXXXXXX,0,Sun Jan 25 14:14:42 UTC 2015,Sun Jan 25 14:19:21 UTC 2015,6C:B7:F4:79:79:EF,4gt9 ,2,D5,137,1,Local,,,,,,,,,Local variety
one,,,,Wolayita,white,white,type_1__hearth,green,green,5,improved,traditional,5,NA,NA,1935.503642,4,white,white,type_1__hearth,green,purple,XXXXXXXX,1,Mon Jan 26 07:22:29 UTC 2015,Mon Jan 26 07:28:24 UTC 2015,6C:B7:F4:79:7A:25,5at4,2,E6,150,1,Local,,,,,,,,,Local variety
one,,,,Wolayita,white,white,type_1__hearth,green,green,2,improved,traditional,5,NA,NA,1835.015133,4,white,white,type_1__hearth,green,green,XXXXXXXX,0,Tue Jan 27 06:53:58 UTC 2015,Tue Jan 27 06:57:59 UTC 2015,6C:B7:F4:79:79:EF,6gt1,3,B1,205,1,Local,,,,,,,,,Local variety
one,,,,Wolayita,white,white,type_1__hearth,green,green,2,improved,traditional,5,NA,NA,1843.414794,4,white,white,type_1__hearth,green,green,XXXXXXXX,1,Tue Jan 27 06:59:55 UTC 2015,Tue Jan 27 07:05:19 UTC 2015,6C:B7:F4:79:79:EF,6gt2,3,B2,206,1,Local,,,,,,,,,Local variety
one,,,,Wolayita,white,white,type_1__hearth,green,green,3,improved,traditional,5,NA,NA,1840.61837,4,white,white,type_1__hearth,green,green,XXXXXXXX,1,Tue Jan 27 07:09:28 UTC 2015,Tue Jan 27 07:14:22 UTC 2015,6C:B7:F4:79:79:EF,6gt3,3,B3,207,1,Local,,,,,,,,,Local variety
three,Gadesa,Welayita,Fisisa,Wolayita,white,white,type_1__hearth,green,green,3,traditionnal,improved,6,NA,NA,1871.600462,4,white,white,type_1__hearth,green,green,XXXXXXXX,1,Sat Jan 24 08:16:37 UTC 2015,Sat Jan 24 08:21:44 UTC 2015,6C:B7:F4:79:79:D9,3kb5,2,A10,106,7,Local,,,,,,,,,Local variety
two,Gadisa,Dk,,Unknown,white,white,type_1__hearth,green,green,2,improved,do_not_know,6,NA,NA,1881.228597,4,white,white,type_1__hearth,green,green,XXXXXXXX,1,Sun Jan 25 11:08:38 UTC 2015,Sun Jan 25 11:18:02 UTC 2015,6C:B7:F4:79:7A:25,4at1,2,B3,111,15,Local,,,,,,,,,Local variety
one,,,,Wolayita,white,white,type_1__hearth,green,green,2,improved,traditional,6,NA,NA,1870.973719,4,white,white,type_1__hearth,green,green,XXXXXXXX,1,Sun Jan 25 11:25:35 UTC 2015,Sun Jan 25 11:30:33 UTC 2015,6C:B7:F4:79:79:EF,4gt1,2,C9,129,15,Local,,,,,,,,,Local variety
two,Fao,Wolayita,,Fao,white,white,type_1__hearth,green,green,1,traditionnal,improved,6,NA,NA,1872.55909,4,white,white,type_1__hearth,green,green,XXXXXXXX,1,Sun Jan 25 13:03:41 UTC 2015,Sun Jan 25 13:12:47 UTC 2015,6C:B7:F4:79:79:DD,4EZ6,2,C5,125,34,Local,,,,,,,,,Local variety
one,,,,Wolayita,white,white,type_1__hearth,green,green,3,traditionnal,improved,7,NA,NA,1874.843758,4,white,white,type_5__hearth,green,green,XXXXXXXX,1,Sun Jan 25 13:13:36 UTC 2015,Sun Jan 25 13:22:14 UTC 2015,6C:B7:F4:79:79:DD,4EZ7,2,C6,126,34,Local,,,,,,,,,Local variety
one,,,,Louis,white,white,type_6__with_5,green,green,8,improved,improved,5,NA,NA,1906.584323,4,white,white,type_6__with_5,green,green,XXXXXXXX,1,Thu Jan 22 09:24:57 UTC 2015,Thu Jan 22 09:32:29 UTC 2015,6C:B7:F4:79:79:DD,1EZ9,1,B10,22,62,Local,,,,,,,,,Local variety
one,,,,FAO,white,white,type_1__hearth,green,green,5,improved,improved,3,NA,NA,1832.978073,4,white,white,type_1__hearth,green,purple,XXXXXXXX,1,Tue Jan 27 07:55:16 UTC 2015,Tue Jan 27 08:02:38 UTC 2015,6C:B7:F4:79:7A:25,6at6,2,H7,187,62,Local,,,,,,,,,Local variety
one,,,,Unknown,white,white,type_2__with_3,green,green,3,improved,improved,4,NA,NA,1852.594127,4,white,white,type_4__with_5,green,green,XXXXXXXX,0,Tue Jan 27 08:54:56 UTC 2015,Tue Jan 27 09:00:43 UTC 2015,6C:B7:F4:79:7A:25,6at9 ,2,H10,190,62,Local,,,,,,,,,Local variety
two,Beletch,Fesesa,,Fisisa,white,white,type_4__with_5,green,green,1,improved,improved,4,NA,NA,1835.091699,4,white,white,type_4__with_5,green,purple,XXXXXXXX,1,Tue Jan 27 08:34:32 UTC 2015,Tue Jan 27 08:39:42 UTC 2015,6C:B7:F4:79:79:D9,6kb9,3,C10,226,62,Local,,,,,,,,,Local variety
one,,,,Wolayita,white,white,type_2__with_3,green,purple,5,traditionnal,improved,4,NA,NA,1833.783182,4,white,white,type_2__with_3,purple,purple,XXXXXXXX,1,Wed Jan 28 07:17:46 UTC 2015,Wed Jan 28 07:21:35 UTC 2015,6C:B7:F4:79:79:D9,7kb6,3,F4,256,62,Local,,,,,,,,,Local variety
one,,,,Wolayita,white,white,type_1__hearth,green,green,1,improved,traditional,6,NA,NA,1870.604966,4,white,white,type_5__hearth,green,green,XXXXXXXX,1,Sun Jan 25 14:01:59 UTC 2015,Sun Jan 25 14:08:04 UTC 2015,6C:B7:F4:79:79:D9,4kb9,2,E2,146,62,Local,,,,,,,,,Local variety
one,,,,Wolayita,white,white,type_1__hearth,green,green,3,improved,traditional,6,NA,NA,1892.034263,4,white,white,type_1__hearth,green,purple,XXXXXXXX,1,Mon Jan 26 08:55:31 UTC 2015,Mon Jan 26 09:11:26 UTC 2015,6C:B7:F4:79:79:DD,5EZ8,2,F7,163,62,Local,,,,,,,,,Local variety
one,,,,Wolayita,white,white,type_2__with_3,green,green,20,improved,traditional,4,NA,NA,1907,5,white,white,type_4__with_5,green,green,XXXXXXXX,1,Sun Jan 25 20:44:28 UTC 2015,Sun Jan 25 21:28:55 UTC 2015,3.58E+14,5FK2,2,F9,165,90,Local,,,,,,,,,Local variety
one,,,,FAO,white,white,type_1__hearth,purple,purple,5,traditionnal,improved,3,NA,NA,1808.635025,4,white,white,type_1__hearth,purple,purple,XXXXXXXX,0,Tue Jan 27 09:37:57 UTC 2015,Tue Jan 27 09:43:33 UTC 2015,6C:B7:F4:79:79:EF,6gt8 ,3,B8,212,117,Local,,,,,,,,,Local variety
one,,,,Wolayita,white,white,type_1__hearth,green,green,12,improved,traditional,4,NA,NA,1856.680192,4,white,white,type_1__hearth,green,purple,XXXXXXXX,1,Tue Jan 27 08:48:42 UTC 2015,Tue Jan 27 08:54:52 UTC 2015,6C:B7:F4:79:7A:25,6at8,2,H9,189,123,Local,,,,,,,,,Local variety
two,Fino,Pisisa,,Fino,white,white,type_1__hearth,green,purple,6,improved,traditional,4,NA,NA,1818.848168,4,white,white,type_1__hearth,green,purple,XXXXXXXX,1,Tue Jan 27 08:42:06 UTC 2015,Tue Jan 27 08:48:24 UTC 2015,6C:B7:F4:79:79:DD,6EZ11,3,A1,193,128,Local,,,,,,,,,Local variety
two,Fino,Pisisa,,Fino,white,white,type_2__with_3,green,green,6,improved,traditional,5,NA,NA,1843.586397,4,white,white,type_2__with_3,green,purple,XXXXXXXX,1,Tue Jan 27 08:03:47 UTC 2015,Tue Jan 27 08:24:55 UTC 2015,6C:B7:F4:79:79:DD,6EZ8,3,A11,203,139,Local,,,,,,,,,Local variety
three,Gadesa,Tulo,Welayta,Temesgen,white,white,type_4__with_5,green,green,4,improved,improved,5,NA,NA,1833.530265,4,white,white,type_4__with_5,green,green,XXXXXXXX,1,Tue Jan 27 07:57:33 UTC 2015,Tue Jan 27 08:06:26 UTC 2015,6C:B7:F4:79:79:D9,6kb5,3,C6,222,160,Local,,,,,,,,,Local variety
